comments,comments (clean)
Mntp hati untk pk prabowo,mntp hati untuk pakai prabowo
CAWAPRES PAK JENDERAL FREDY NUMBERI,cawapres pak jenderal fredy numberi
Ayo brabowo kami mendukung mu,ayo brabowo kami mendukung mu
walaupun surve menunjuk kan terendah pilihan ku ttep pak anisâ¤,walaupun surve menunjuk kan terendah pilihan ku tetap pak anis
"Hidup pak ganjar, dari maluku Utara buat pak ganjar",hidup pak ganjar dari maluku utara buat pak ganjar
200ribu per kepala. Sadis ï¼, ribu per kepala sadis 
Anis no 1  tetap,anis no tetap
Partai vs rakyat ???<br>Partainya hebat klo rkytnya gak milih mau apa loe??,partai vs rakyat partainya hebat kalo rkytnya enggak memilih mau apa lo
Pak parabowo persiden 2024 2029 ğŸ¤²amin amin amin,pak parabowo persiden tangan diangkat dan dirapatkan bersama amin amin amin
Anis mending ke laut aja...<br>Karena aku mengidolakan pak Ganjar sama pak Prabowo untuk jadi presiden.,anis mending ke laut saja karena aku mengidolakan pak ganjar sama pak prabowo untuk jadi presiden
Bismillahirrahmanirrahim<br>   Mau ngakak hasil nya <br>Siapapun yang membohongin rakyat memakai cara curang semogga kelak orang orang bekerjasama dalam kecurangan dan kebohongan akan bertanggung jawab di hadapan ALLAH SWT KELAK DI AKHIRAT<br><br>  AAMIIN AAMIIN ALLAHUMMA AAMIIN,bismillahirrahmanirrahim mau mengakak hasil nya siapapun yang membohongin rakyat memakai cara curang semogga kelak orang orang bekerjasama dalam kecurangan dan kebohongan akan bertanggung jawab di hadapan allah swt kelak di akhirat amin amin allahumma amin
Yu kita sama-sama dukung p Anies Baswedan...,yuk kita sama sama dukung p anies baswedan
Heran survei apa ini ya wkwkkw,heran survei apa ini ya wkwkkw
Survy mah ngga aneh..sekedar menggiring opini...,survy mah enggak aneh sekedar menggiring opini
Prabowo menang,prabowo meg
"PRABOWO urutan 1 , GANJAR PRANOWO urutan ke 2  , PUJI TUHAN Anies Baswedan urutan paling buncit YANG MENJADI PEMENANG nya  di.Pilpres 2024 ! ! !",prabowo urutan ganjar pranowo urutan ke puji tuhan anies baswedan urutan paling buncit yang menjadi pemeg nya di pilpres 
Anis - AHY yesssas. Yang lain No,anis ahy yesssas yang lain no
Duit duit duit.,duit duit duit
Survei itu tergantung siapa yg memesannya,survei itu tergantung siapa yang memesannya
apapun jenis survey kagak percaya sama sekali<br>hanya anies no 1,apapun jenis survey kagak percaya sama sekalihanya anies no 
Katakan TIDAK Pilih GANJAR Karena didukung CEBONG  ğŸ˜‚ğŸ˜‚ğŸ˜‚ğŸ˜‚..!!!,katakan tidak pilih ganjar karena didukung cebong wajah gembira berurai air mata wajah gembira berurai air mata wajah gembira berurai air mata wajah gembira berurai air mata
Serius nanya itu dananya survey dari mana.?ğŸ˜,serius bertanya itu daya survey dari mana wajah gembira dengan mata bahagia
Survey palsu hanya untuk menggiring opini,survey palsu hanya untuk menggiring opini
SURVEY BAYARAN WMWKWKWKW....PADAHAL ANIES PALING RAMAI,survey bayaran wmwkwkwkw padahal anies paling ramai
Partai koruptor bersatu ... gk ada calon preside yg visi misi nya hukum mati koruptor .... karna semuanya korup ğŸ˜‚ğŸ˜‚ğŸ˜‚,partai koruptor bersatu enggak ada calon preside yang visi misi nya hukum mati koruptor karena semuanya korup wajah gembira berurai air mata wajah gembira berurai air mata wajah gembira berurai air mata
SURVEY TV hnya sesuai pesanan.  REAL itu di medsos......ANIES the best,survey tv hanya sesuai pesa real itu di medsos anies the best
menurut survey di lapangan Anies Baswedan urutan ke 1. krn kemanapun di pergi disambut dgn gegap gempita.,menurut survey di lapangan anies baswedan urutan ke karena kemanapun di pergi disambut dengan gegap gempita
Coba Polling aja ...brow...,coba polling saja brow
Jangan dipercaya survey abal2 ..yang di percaya google trend,jangan dipercaya survey abal abal yang di percaya google trend
Saya lebih percaya ILC,saya lebih percaya ilc
"Ha, ha, ha,... Waktu pilkada DKI Jakarta surveinya Pak Anies Baswedan selalu di urutan ke-3, dan ternyata Anies Baswedan jadi pemenangnya.",ha ha ha waktu pilkada dki jakarta surveinya pak anies baswedan selalu di urutan ke dan ternyata anies baswedan jadi pemegnya
Hidup pak PROBOWO subianto RI 2024,hidup pak probowo subianto ri 
Hidup pak PROBOWO subianto RI_Hidup,hidup pak probowo subianto ri hidup
JAWA BARAT MENDUKUNG MU PAK PROBOWO SUBIANTO RI_HIDUP PAK PROBOWO SUBIANTO RI_,jawa barat mendukung mu pak probowo subianto ri hidup pak probowo subianto ri
Gpp anie di nomor 3 kan insya Allah akar bawah tetap di no 1..waktu dki aja nomor 3 akhirnya jadi no 1 dki<br>..,gp anie di nomor kan insya allah akar bawah tetap di no waktu dki saja nomor akhirnya jadi no dki
Pak Prabowo 2024 aku ye,pak prabowo aku ye
"Survey LSI haaaa haha haaaaa dan RCTI lagi org dan masyarakat masih mengingat pilpres 2014 ,apa yg terjadi di TV Indosiar... Jadi masyarakat sdh tdk lagi mau di bohongi Oleh survey kalian dan survey yg tdk berpihak adalah CNBC indonesia Pak Anies sdh 63,4 % ...Bismillahir rahmanir rahim in shaa Allah Pak Anies jadi Presiden RI di tahun 2024  .. Al fatihah..Aamiin Allahummah Aamiin",survey lsi ha haha ha dan rcti lagi orang dan masyarakat masih mengingat pilpres apa yang terjadi di tv indosiar jadi masyarakat sudah tidak lagi mau di bohongi oleh survey kalian dan survey yang tidak berpihak adalah cnbc indonesia pak anies sudah bismillahir rahmanir rahim ini sha allah pak anies jadi presiden ri di tahun al fatihah amin allahummah amin
Pak Anis yes untuk RI 1,pak anis yes untuk ri 
Pak ganjar udah naik bos surveynya siap siap si wowo ngungsep,pak ganjar sudah naik bos surveynya siap siap sih wowo ngungsep
"Mensosialisasikan sebagai capres seluruh indonesia barometernya  fakta bukti di share kemedsos hilang di jual apa kaga laku bingung, ya .",mensosialisasikan sebagai capres seluruh indonesia barometernya fakta bukti di share kemedsos hilang di jual apa kagak laku bingung ya
â¤â¤â¤â¤PRABOWO &amp; GANJAR ğŸ‘ğŸ‘ğŸ‘ğŸ‘..... Bambu MESUM  500 JUTA.. Setahun di BONGKAR... Cukup JAKARTA KORBANnya Yohanned... ğŸ˜®ğŸ˜®ğŸ˜®,prabowo ganjar jempol ke atas jempol ke atas jempol ke atas jempol ke atas bambu mesum juta setahun di bongkar cukup jakarta korbannya yohanned wajah dengan mulut terbuka wajah dengan mulut terbuka wajah dengan mulut terbuka
"Yg jadi pertanyaan, katanya anis survei rendah, tapi musuhnya kok gelisah",yang jadi pertanyaan katanya anis survei rendah tapi musuhnya kok gelisah
Pilih yang. Terbaik Prabowo Subianto ğŸ‘,pilih yang terbaik prabowo subianto jempol ke atas
Tetap pilih prabowo garda terdepan,tetap pilih prabowo garda terdepan
BANYAK SURVEY BAYARAN CUKONG,banyak survey bayaran cukong
Prabowo mafud MD,prabowo mafud md
"I news bikin poling aj kaya CNBY , Capres sapa yg yg dipilih masyarakat ğŸ˜ŠğŸ˜ŠğŸ‘",i news bikin poling saja kayak cnby capres sapa yang yang dipilih masyarakat wajah tersenyum dengan mata bahagia wajah tersenyum dengan mata bahagia jempol ke atas
Ya Allah smg dapat peminmin yg memikirkan rakyat hanyak prabowo yg bisa smg menang,ya allah semoga dapat peminmin yang memikirkan rakyat hanyak prabowo yang bisa semoga meg
"Hehehe... Anis selalu terbawah , jika demikian Anis jangan lagi diserang atau difitnah, karena dia tidak diperhitungkan",hehehe anis selalu terbawah jika demikian anis jangan lagi diserang atau difitnah karena dia tidak diperhitungkan
"INGAT! Pak ANIES tidak terObsesi menjadi PRESIDEN, OKE! <br>Presiden RI adalah solusi terbaik bagi Bangsa Indonesia. <br><b>INDONESIA BANGSA DEMOKRASI</b> <br><b>GERAKAN MEMBANGUN HIKMAH KEBIJAKSANAAN</b>",ingat pak anies tidak terobsesi menjadi presiden oke presiden ri adalah solusi terbaik bagi bangsa indonesia indonesia bangsa demokrasi gerakan membangun hikmah kebijaksanaan
Kamu temanya pak Prabowo ya,kamu temanya pak prabowo ya
Hahahah...survey ga lihat masyarakat antusias dilapangan tuh...anis tetap konsisten urutan ke 3 nyatanya dilapangan berbeda ga malu tuh ngakak aja sekelas rcti masih percaya survey ....wakwaw,hahahah survey enggak lihat masyarakat antusias dilapangan tuh anis tetap konsisten urutan ke nyatanya dilapangan berbeda enggak malu tuh mengakak saja sekelas rcti masih percaya survey wakwaw
Lebih baik pilih prabowo igin menerus kan jejak presiden jokowi saya dukung penuh rayat se indonesia mendukung se banyak 180Juta orang separuh nya ganjar Dan yang lama n,lebih baik pilih prabowo igin menerus kan jejak presiden jokowi saya dukung penuh rayat se indonesia mendukung se banyak juta orang separuh nya ganjar dan yang lama n
SIRVEY BAYARAN FAKTA NYA GANJAR PORNOWO  KALAH DARI PRABOWO SUBIANTO,sirvey bayaran fakta nya ganjar pornowo kalah dari prabowo subianto
"Pks memiliki suara fanatik sulit untuk turun naik pasti bisa, klau nasdem dan demokrat sudah pasti suaranya ada karena di setiap daerah suara partai2 ini ada dan cendeung naik belum lagi pendukung baru dari partai lain yg condong k anies seperti PAN, Golkar, PPP saya yakin pertandingan sebenarnya antara anies dan ganjar karena suara prabowo besar kemarin karena faktor anti PDIP dan perubahan bukan murni karena faktor partai Gerindra buktinya suara Gerindra tidak bisa mengalahkan partai Golkar. ITu menurut saya mungkin ada yg lebih faham, tetapi suara partai Gerindra termasuk memiliki pemilih fanatik seperti pensiunan TNI-Polri dan keluarga serta yg lainnya.",pks memiliki suara fanatik sulit untuk turun naik pasti bisa kalau nasdem dan demokrat sudah pasti suaranya ada karena di setiap daerah suara partai ini ada dan cendeung naik belum lagi pendukung baru dari partai lain yang condong ke anies seperti kapan golkar p saya yakin pertandingan sebenarnya antara anies dan ganjar karena suara prabowo besar kemarin karena faktor anti pdip dan perubahan bukan murni karena faktor partai gerindra buktinya suara gerindra tidak bisa mengalahkan partai golkar itu menurut saya mungkin ada yang lebih faham tetapi suara partai gerindra termasuk memiliki pemilih fanatik seperti pensiu tni polri dan keluarga serta yang lainnya
Anies Oke,anies oke
GANJAR ANIS POLITIK IDENTITAS ! NO ! GAS PRABOWO ! AMBON PRABOWO !!!!!,ganjar anis politik identitas no gas prabowo ambon prabowo
"Ini pertanda case DKI terulang kembali, nomor 3 tanda 3 ini angka yang disenangi umat Islam?!?!?!!!",ini pertanda case dki terulang kembali nomor tanda ini angka yang disegi umat islam
Surve sok tau,surve sok tau
SUMATRA SIAAAPPPP DUKUNG...GANJAR PRABOWO,sumatra siaaap dukung ganjar prabowo
Survei abal2ğŸ˜‚,survei abal abal wajah gembira berurai air mata
Selalu saja anis sandi di buat para tim survey di urutan no.3 pada akhirnya jd pemenang.,selalu saja anis sandi di buat para tim survey di urutan no pada akhirnya jadi pemeg
Prabowo menang â¤â¤â¤,prabowo meg 
Prabowo âœŒï¸ğŸ˜,prabowo isyarat kemegan wajah berkacamata hitam
Survey abal-abal,survey abal abal
"Omong kosong, jgn selalu bohongi rakyat ğŸ‘",omong kosong jangan selalu bohongi rakyat jempol ke bawah
Survei.mana bisa bayar mahal pasti itulah yang menang menurut survei,survei mana bisa bayar mahal pasti itulah yang meg menurut survei
"Bravoooo prabowo,,jateng siap menangkee prabowoo",bravo prabowo jateng siap megke prabowo
Fakta di lapangan anis paling bnyak.. Ini survey goibğŸ˜…,fakta di lapangan anis paling banyak ini survey goib wajah tersenyum lebar dan berkeringat
ğŸ˜‚ğŸ˜‚ğŸ˜‚<br>Survei pesanan...!!! <br>Kebohongan terbesar di jagat raya adalah survei berbayar,wajah gembira berurai air mata wajah gembira berurai air mata wajah gembira berurai air mata survei pesa kebohongan terbesar di jagat raya adalah survei berbayar
JANGAN PERCAYA...HASIL SURVEY,jangan percaya hasil survey
Anies Baswedan ğŸ‘ğŸ»,anies baswedan jempol ke atas warna kulit cerah
Ganjar akan kalah lawan anis dalam final.karena di keroyok.lebih aman ganjar makili pak prabowo saja.percoyooo petungku.,ganjar akan kalah lawan anis dalam final karena di keroyok lebih aman ganjar makili pak prabowo saja percoyo petungku
kami sebagai aktif pertanian g mau memilih calon presiden yg mengurangi subsidi pupuk yg mengakibatkan implasi tinggi dan impor beras dua juta ton beras ap lagi ganjar itu cuman petugas partai contonys anggota dewannya aj  yg mau mengesahkannya uu perampasan aset aj harus minta ijin bu mega duluğŸ˜‚ğŸ˜‚ğŸ˜‚ğŸ˜…,kami sebagai aktif pertanian enggak mau memilih calon presiden yang mengurangi subsidi pupuk yang mengakibatkan implasi tinggi dan impor beras dua juta ton beras apa lagi ganjar itu cuman petugas partai contonys anggota dewannya saja yang mau mengesahkannya lu perampasan aset saja harus meminta ijin bu mega dulu wajah gembira berurai air mata wajah gembira berurai air mata wajah gembira berurai air mata wajah tersenyum lebar dan berkeringat
Gaspol,gaspol
Anis selalu urutan 3 disurvey...tp kok pada takut yak...wkwkwk,anis selalu urutan disurvey tapi kok pada takut ya wkwkwk
Warga n.u SE Jawa timur mulai skrg menolak kerass dsebut wong cilik .itu pnghinaan derajat mnusia ..kita mulai skrg satu suara PKB 90% SE Jatim raya..!!,warga n lu se jawa timur mulai sekarang menolak keras dsebut wong cilik itu pnghinaan derajat mnusia kita mulai sekarang satu suara pkb se jatim raya
perkiraan pilpres 2024 bakal 2 putaran.<br>Putaran pertama : 1.Prabowo- 2.Ganjar<br>atau 1.Prabowo - 2.Anies<br><br>Putaran ke 2 : Prabowo menang<br>karena pendukung yg kalah baik anies atau Ganjar pasti larinya ke prabowo.,perkiraan pilpres bakal putaran putaran pertama prabowo ganjaratau prabowo aniesputaran ke prabowo megkarena pendukung yang kalah baik anies atau ganjar pasti larinya ke prabowo
p3...perolehan suaranya kecil dan anggt arus bawah sejak dulu memilih lawan pjkw..cuma kalah.,p perolehan suaranya kecil dan anggt arus bawah sejak dulu memilih lawan pjkw cuma kalah
Survey abal2,survey abal abal
Coba buka survei di you tube  lebih real,coba buka survei di you tube lebih real
GanjÃ r selalu peringkat 1 menurut surfe apasih prestasi ganjar dr2calon lainnya jadi gubernur jateng ajapun ngak beres jateng propinsi termiskin di pulau jawa masalah wadas banjir kalau ganjar presiden maukah rakyat jadi rakyat termiskin didunia guwe ngak mau pilih ganjarlah cukup guwe termiskin dijateng ajalah,ganjÃ r selalu peringkat menurut surfe apasih prestasi ganjar dr calon lainnya jadi gubernur jateng ajapun enggak beres jateng propinsi termiskin di pulau jawa masalah wadas banjir kalau ganjar presiden maukah rakyat jadi rakyat termiskin didunia guwe enggak mau pilih ganjarlah cukup guwe termiskin dijateng ajalah
<b>Mantab</b> santay santuy y happy Pak Prabowo jalani dengan semangat berjuang dan ikllas membangun Indonesia sejahtera adil dan makmur ...<br>ğŸ¤² program2 yg telah berjalan harap diteruskan kembali...,mantab santay santuy ya happy pak prabowo jalani dengan semangat berjuang dan ikllas membangun indonesia sejahtera adil dan makmur tangan diangkat dan dirapatkan bersama program yang telah berjalan harap diteruskan kembali
Prabowo presiden 2024,prabowo presiden 
Pendukung nya udah pd sekali  <br>Ternyta survi cuman peringkat 3,pendukung nya sudah pada sekali ternyta survi cuman peringkat 
"Anis jelas modar, tinggal Pk prabowo vs ganjar",anis jelas modar tinggal pakai prabowo vs ganjar
Bodo amat Ama surpai aku tetap pilah anis,bodo amat sama surpai aku tetap pilah anis
Surpey abal&quot;,surpey abal
"Saya lebih empati kepada kandidat yang nilai surpynya lebih rendah atau kecil,karena yang kecil itu bisa menjadi besar,tapi ingat yang nilainya besar akan menjadi kecil<br>Pak Anis lah yang jadi pemenang.",saya lebih empati kepada kandidat yang nilai surpynya lebih rendah atau kecil karena yang kecil itu bisa menjadi besar tapi ingat yang nilainya besar akan menjadi kecilpak anis lah yang jadi pemeg
"@Sartijo Bermay eh cebong gak percaya kalau menurut surpeynya tinggi dan besar itu gak perlu di bantu karena kan sudah besar,justru saya yang akan bantu yang nilainya kecil agar yang kecil menjadi besar<br>Paham kan cebong ğŸ˜ğŸ˜tetap yg menang pak Anis RI 1",sartijo bermay eh cebong enggak percaya kalau menurut surpeynya tinggi dan besar itu enggak perlu di bantu karena kan sudah besar justru saya yang akan bantu yang nilainya kecil agar yang kecil menjadi besarpaham kan cebong wajah gembira dengan mata bahagia wajah gembira dengan mata bahagia tetap yang meg pak anis ri 
maaf drun yg rendah mustahil menang,maaf drun yang rendah mustahil meg
"@Eko Hadi Purwanto iya saya maafkan boss,menang ataupun jadi juara eh salah ya<br>Saya tetap pilih pak Anis tidak bisa di ganggu gugat ok boss",eko hadi purwanto iya saya maafkan bos meg ataupun jadi juara eh salah yasaya tetap pilih pak anis tidak bisa di ganggu gugat ok bos
Maaf.. tp slama ini yg surveinya tinggi yg menang..,maaf tapi selama ini yang surveinya tinggi yang meg
YA TIDAK APA SUARA PAK ANIES RENDAH ITU TDK PENTING JUGA? YANG PENTING ITU POLING YA? JAUH PAK PRABOWO SAMA GANJAR NILAINYA DARI PAK ANIES BAWESDAN.........,ya tidak apa suara pak anies rendah itu tidak penting juga yang penting itu poling ya jauh pak prabowo sama ganjar nilainya dari pak anies bawesdan
"Ya pasti Ganjar lah, emang kita sudah gila apa.",ya pasti ganjar lah memang kita sudah gila apa
Aduuuuuuuh.... Pak Abas tiap hasil survai slalu di urutan buncit NasDem pasti panas dingin. Taun 2024 jatahnya pak prabowo yakin krn namanya paling banyak huruf O nya.,aduuuuuuuh pak abas tiap hasil survai selalu di urutan buncit nasdem pasti panas dingin tahun jatahnya pak prabowo yakin karena namanya paling banyak huruf o nya
Anis Baswedan capres pilihan rakyat bukan pilihan dari hasil survei,anis baswedan capres pilihan rakyat bukan pilihan dari hasil survei
ingat wktu surpey gubernur dki.<br>anis ke 2<br>to knp anis yg menang ya..,ingat waktu surpey gubernur dki anis ke tapi kenapa anis yang meg ya
"Jangan terpengaruh survey bayaran lur,klo orang minim prestasi surveynya di tinggi2in gak sesuai  dukungan<br>Rakyat di lapangan betarti jelas survey bayaran.",jangan terpengaruh survey bayaran lur kalo orang minim prestasi surveynya di tinggi in enggak sesuai dukunganrakyat di lapangan betarti jelas survey bayaran
Bismillah Ganjar Pranowo Presiden Indonesia tahun 2024-2029,bismillah ganjar pranowo presiden indonesia tahun 
Prabowo,prabowo
Survey abal abal,survey abal abal
Tetap bersama pak Anies Baswedan ğŸ‘ğŸ‘ğŸ‘,tetap bersama pak anies baswedan jempol ke atas jempol ke atas jempol ke atas
Buat team relawan Anis jangan menyerah terus memperjuangkan pa Anis jadi peresiden,buat team relawan anis jangan menyerah terus memperjuangkan apa anis jadi peresiden
Lagi lama kaset kusut,lagi lama kaset kusut
Survei dari malaikat Pak Anies 65%<br>Amin yra,survei dari malaikat pak anies amin yra
"Ga percaya sama surpai hanya penggiringan opini, kita malah percaya surpai asing,,, ini survai ga malu yah sama intelejen asing",enggak percaya sama surpai hanya penggiringan opini kita malah percaya surpai asing ini survai enggak malu ya sama intelejen asing
Prabowo dongâ¤â¤,prabowo dong
kite kagak percaya sama surpa surpe,kita kagak percaya sama surpa surpe
Siap dukung Prabowo presiden,siap dukung prabowo presiden
Demokrat..ayoo dukung prabowo,demokrat ayo dukung prabowo
Ganjar akan bernasib sama dgn jokowi apa bila PDIP berkuasa prabowo juga tetap jadi bawahan PDIP jikapun menang.. Tp ANIS pedatang baru yg sangat mengerikan. Jangan2 pak jokowi ada di belakang ANIS B  Buat bls dendam selama ini jadi wayang PDIP..,ganjar akan bernasib sama dengan jokowi apa bila pdip berkuasa prabowo juga tetap jadi bawahan pdip jikapun meg tapi anis pedatang baru yang sangat mengerikan jangan jangan pak jokowi ada di belakang anis b buat balas dendam selama ini jadi wayang pdip
Tidak percaya,tidak percaya
Prabowo sudah baun tanah<br>Ganjar ngak punya prestasi<br>Anis terbukti nyata,prabowo sudah baun tanahganjar enggak punya prestasianis terbukti nyata
Anis keok,anis keok
Survei survei survei wkwkwkwkwkwkw,survei survei survei wkwkwkwkwkwkw
pak prabowo sudah ada golkar yang resmi bergabung,pak prabowo sudah ada golkar yang resmi bergabung
Waw ANIS melesat tinggi awas kecurangan.. Aduh kasihan PPP  gak bisa bergerak bebas seperti terpenjara oleh PDIP Tp gak pa2  masih banyak partai islam lainNya yg kuat.. &amp; benar,wow anis melesat tinggi awas kecurangan aduh kasihan p enggak bisa bergerak bebas seperti terpenjara oleh pdip tapi enggak apa apa masih banyak partai islam lainnya yang kuat benar
InsyaAllah pak Prabowoâ¤â¤â¤,insyaallah pak prabowo
InsyaAllah Prabowoooâ¤â¤â¤â¤,insyaallah prabowo
PRESIDEN 2024 ğŸ‡®ğŸ‡©ğŸ‡®ğŸ‡©ğŸ‡®ğŸ‡©<br><br>PERMAINAN BERPIKIR MANUSIA BIASA!!!<br><br>  Jika saya bakal calon presiden memiliki banyak dukungan dari penguasa negeri ini (harta kekayaannya yang banyak) dan bantuan dana dari penguasa negara lain. Apalagi sudah pasti semua lembaga lainnya termasuk lembaga survey menginginkan keuntungan besar dan sudah pasti juga tidak ada lembaga-lembaga lainnya termasuk lembaga survey ingin rugi.<br><br>Apa yang harus saya dan tim saya lakukan untuk lembaga-lembaga lain  termasuk lembaga survey supaya poin suara saya bisa dominan dari bakal calon presiden lainnya??!!!<br><br><br>NOTE : Mari CERDAS dan BIJAKSANA dalam memilih Presiden. Ingat Masa Kerja Presiden itu 5 tahun ke depan berarti yang menentukan MASA DEPAN (RAKYAT (KITA SEMUA TERMASUK ANAK dan CUCU KITA)) Bangsa dan Negeri ini 5 tahun ke depan.!!!!,presiden bendera indonesia bendera indonesia bendera indonesia permai berpikir manusia biasa jika saya bakal calon presiden memiliki banyak dukungan dari penguasa negeri ini harta kekayaannya yang banyak dan bantuan dana dari penguasa negara lain apalagi sudah pasti semua lembaga lainnya termasuk lembaga survey menginginkan keuntungan besar dan sudah pasti juga tidak ada lembaga lembaga lainnya termasuk lembaga survey ingin rugi apa yang harus saya dan tim saya lakukan untuk lembaga lembaga lain termasuk lembaga survey supaya poin suara saya bisa domi dari bakal calon presiden lainnya note mari cerdas dan bijaksana dalam memilih presiden ingat masa kerja presiden itu tahun ke depan berarti yang menentukan masa depan rakyat kita semua termasuk anak dan cucu kita bangsa dan negeri ini tahun ke depan
RCTI ...independen ğŸ‘Œ<br><br>Mantap ...<br>Berita akurat tdk berpihak dan memberikan fakta,rcti independen oke mantap berita akurat tidak berpihak dan memberikan fakta
Tetap anies,tetap anies
"Kalau hasil Survey SMRC dan Catra Politica, tak bisa dipercaya, lembaga survey peliharaan Oligarki yg anti Anies, keduavl lembaga survey itu sudah diberi KARTU MERAH,  sebagai lembaga survey yg kurang jujur dan tidak kredibel  khususnya kepada Anies Baswedan...!!",kalau hasil survey smrc dan catra politica tak bisa dipercaya lembaga survey peliharaan oligarki yang anti anies keduavl lembaga survey itu sudah diberi kartu merah sebagai lembaga survey yang kurang jujur dan tidak kredibel khususnya kepada anies baswedan
"bukan pencitra, hati iklas tampa dendam berjuang demi negara dan rakyat, yaaaaa prabowo â¤â¤â¤â¤â¤",bukan pencitra hati iklas tampa dendam berjuang demi negara dan rakyat ya prabowo 
Kebiasaan surfe ke 3 itulah yang menang,kebiasaan surfe ke itulah yang meg
Pak Anis No 3 Mulu ğŸ˜‚,pak anis no mulu wajah gembira berurai air mata
Kami lebih percaya tukang sulap dari pada tukang survei,kami lebih percaya tukang sulap dari pada tukang survei
Sulawesi Prabowo harga mati,sulawesi prabowo harga mati
"Ora percoyo lembaga survey, tensius......,apalagi SMRC saiful muljani....orang yang tidak senang dengan Anis, LSI sama saja.....<br>Percoyo polling yang independen, pilih calon presiden yg jujur, amanah, berakhlaq baik, rekam jejak jelas nyata dan berprestasi",ora percoyo lembaga survey tensius apalagi smrc saiful muljani orang yang tidak seg dengan anis lsi sama saja percoyo polling yang independen pilih calon presiden yang jujur amanah berakhlaq baik rekam jejak jelas nyata dan berprestasi
"Sebenarnya suka lihat pak ganjar, tp gak suka lihat banteng",sebenarnya suka lihat pak ganjar tapi enggak suka lihat banteng
Dukung terus Ganjar Pranowo capres pribumi Indonesia asli ğŸ’¯ tulen sejati menang ğŸ‰ğŸ‰ğŸ‰,dukung terus ganjar pranowo capres pribumi indonesia asli nilai seratus tulen sejati meg party popper party popper party popper
@Fulltime Bisnis Parttime Politik aku dr dulu PDIP dr Jokowi sekarang Ganjar Pranowo,fulltime bisnis parttime politik aku dari dulu pdip dari jokowi sekarang ganjar pranowo
"@Nur Setiawan buzzer pdip toh, saya wong rakyat saja dan masyarkat sekitar tetangga saya kebetulan melek juga politik ga mudah di bohongi ganjar itu arogan dan tidak merakyat, tidak ada kemajuan di daerah kami.",nur setiawan buzzer pdip toh saya wong rakyat saja dan masyarkat sekitar tetangga saya kebetulan melek juga politik enggak mudah di bohongi ganjar itu arogan dan tidak merakyat tidak ada kemajuan di daerah kami
@Fulltime Bisnis Parttime Politik he...he...tetap tenang dan menang mazze hatrick PDIP calonkan Ganjar Pranowo capres pribumi Indonesia asli ğŸ’¯ tulen sejati menang,fulltime bisnis parttime politik he he tetap teg dan meg mazze hatrick pdip calonkan ganjar pranowo capres pribumi indonesia asli nilai seratus tulen sejati meg
@Nur Setiawan jawaban lu gajelas kayak bot buzzer,nur setiawan jawaban lu enggak jelas kayak bot buzzer
@Fulltime Bisnis Parttime Politik Ganjar siji Ganjar kabeh...,fulltime bisnis parttime politik ganjar siji ganjar kabeh
Anis kok g naek2 y...ğŸ˜‚ğŸ˜‚,anis kok enggak naek ya wajah gembira berurai air mata wajah gembira berurai air mata
"Garuda telah berkibar dan berkiprah , meraih kemenangan pada 2024<br><br>Bismillah<br>Pak Prabowo Subianto kamalul Yaqin Presiden 2024. Didukung seluruh lapisan. Satrio merah putih yang fokus pada seluruh urusan Kerakyatan. Dari Rakyat untuk Kesejahteraan Rakyat ğŸ™ğŸ» amiin yra, <br>Seluruhnya atas Rahmat Anugrah dari Allah SWT",garuda telah berkibar dan berkiprah meraih kemegan pada bismillahpak prabowo subianto kamalul yaqin presiden didukung seluruh lapisan satrio merah putih yang fokus pada seluruh urusan kerakyatan dari rakyat untuk kesejahteraan rakyat melipat tangan warna kulit cerah amin yra seluruhnya atas rahmat anugerah dari allah swt
Dua kali dukung pak jokowi siapp beralih dukung pak prabowo jadi RI 1<br>Karena yang paling  ikhlas..,dua kali dukung pak jokowi siap beralih dukung pak prabowo jadi ri karena yang paling ikhlas
Yg tinggi survei bayaran yg jujur pasti itu survei yg benar.<br>Pak Anis insyaallah berkat doa dari rakyat Indonesia kekuatan ada pada doa insyaallah jd orang nomor satu di Indonesia aamiin yra,yang tinggi survei bayaran yang jujur pasti itu survei yang benar pak anis insyaallah berkat doa dari rakyat indonesia kekuatan ada pada doa insyaallah jadi orang nomor satu di indonesia amin yra
Survey abal2 alias ghaib...ğŸ˜‚,survey abal abal alias ghaib wajah gembira berurai air mata
Siap ganjar,siap ganjar
"&quot;PRABOWO &amp; GANJAR&quot; TERATAS,    &quot;BUNCIT ANIES TP PILIHAN RAKYAT  DAN JD PRESIDEN RAKYAT 2024&quot;  ADALAH ANIES. MERDEKA.",prabowo ganjar teratas buncit anies tapi pilihan rakyat dan jadi presiden rakyat adalah anies merdeka
Rekam jejak wowo.... jadi Letjen ABRI di jaman Suharto.... menginisiasi bintang lima dan menjadikan Jenderal Besar Suharto.... wowo jadi pilar bertahannya kepemimpinan Suharto.... sampai akhirnya melakukan blunder dan kemudian dipecat dari ABRI.... kemudian bikin partai yang kental dengan wowo sentris.... menciptakan loyalis-loyalis bayaran.... &quot;wowo sentris&quot; itu kuncinya.... itu karakter kepemimpinan wowo.... selalu menekankan bahwa konstitusi UUD &#39;45 adalah corak semi sosialis seperti tercantum dalam pasal 33 ayat 2..... dan itulah yang diterapkan oleh Suharto juga..... &quot;mengantongi&quot; konglomerat <br>yang menguasai cabang-cabang perekonomian di Indonesia.....sehingga dapat menekan hargaÂ  jual barang-barang kebutuhan rakyat......tapi tentunya dengan kompensasi konglomerat tersebut dapat memperoleh kredit bank seperti BLBI.... terlihat &quot;semi sosialis&quot; akan berbenturan dengan &quot;demokrasi&quot;..... semi sosialis beriring dengan wowo sentris.... itu gambaran karakter kepemimpinan wowo... demokrasi akan ditelikung oleh &quot;wowo sentris&quot;,rekam jejak wowo jadi letjen abri di jaman suharto menginisiasi bintang lima dan menjadikan jenderal besar suharto wowo jadi pilar bertahannya kepemimpi suharto sampai akhirnya melakukan blunder dan kemudian dipecat dari abri kemudian bikin partai yang kental dengan wowo sentris menciptakan loyalis loyalis bayaran wowo sentris itu kuncinya itu karakter kepemimpi wowo selalu menekankan bahwa konstitusi uud adalah corak semi sosialis seperti tercantum dalam pasal ayat dan itulah yang diterapkan oleh suharto juga mengantongi konglomerat yang menguasai cabang cabang perekonomian di indonesia sehingga dapat menekan harga jual barang barang kebutuhan rakyat tapi tentunya dengan kompensasi konglomerat tersebut dapat memperoleh kredit bank seperti blbi terlihat semi sosialis akan berbenturan dengan demokrasi semi sosialis beriring dengan wowo sentris itu gambaran karakter kepemimpi wowo demokrasi akan ditelikung oleh wowo sentris
anis good,anis good
-  Dana BLM Cr VEN Ya ? Yutubes Satuan DuNia  Kri A Tf,dana belum cara ven ya yutubes satuan dunia kiri a tf
prabowo yg paling tepat untuk presiden,prabowo yang paling tepat untuk presiden
Biar 0 persen dalam survey rakyat tetap Anies. ğŸ‘ğŸ‘ğŸ‘ğŸ‘ğŸ‘,biar persen dalam survey rakyat tetap anies jempol ke atas jempol ke atas jempol ke atas jempol ke atas jempol ke atas
Survey abal2....survey ILC anies unggul kok.....,survey abal abal survey ilc anies unggul kok
Siapa juga yg percaya dgn surve abal2,siapa juga yang percaya dengan surve abal abal
Surve lsi dn grombolannya Liciknya terlalu nyata,surve lsi dan grombolannya liciknya terlalu nyata
orang orang yang pintar sebenarnya sudah mengetahui kalau pak Prabowo presiden meneruskan pak jokowi,orang orang yang pintar sebenarnya sudah mengetahui kalau pak prabowo presiden meneruskan pak jokowi
"Pak Anies orang baik yang sering difitnah, pak Anies berwawasan luas dan sabar. Semoga menjadi presiden.... Walaupun banyak cobaan....",pak anies orang baik yang sering difitnah pak anies berwawasan luas dan sabar semoga menjadi presiden walaupun banyak cobaan
PRABOWO. 45%<br>ANIS 35%<br>GANJAR 20%<br>   LEMBAGA SURPAY ASIK (LSA),prabowo anis ganjar lembaga surpay asik lsa
Jarji ganjar siji ganjar kabeh â¤,jarji ganjar siji ganjar kabeh 
"Matamu ganjar kabeh, wes2 jaman wes modern.insaf2 sedulurku",matamu ganjar kabeh wes jaman wes modern insaf sedulurku
Anis Baswedan juaranya,anis baswedan juaranya
ganjar petugas partai boneka nya cukong china 11 12 dengan jokowi,ganjar petugas partai boneka nya cukong china dengan jokowi
Pret,pret
Ajur wes ajiiiiioooooorrrrr ajoooorrrrrr,ajur wes ajiiiiioooooor ajoooor
Survey anies rendah. Ora popo.. Santai wae. Hari insya Allah coblos anies,survey anies rendah ora popo santai wae hari insya allah coblos anies
"Pak Anies tetap pemenangnya, karena survey itu abal abal dan dibayar. Allahu Akbar Pak Anies tetap pemenangnya.",pak anies tetap pemegnya karena survey itu abal abal dan dibayar allahu akbar pak anies tetap pemegnya
Survie polling yang aneh.. dan diinformasikan oleh media yg aneh jugağŸ˜…. Cb buat polling capres dong i-news...,survie polling yang aneh dan diinformasikan oleh media yang aneh juga wajah tersenyum lebar dan berkeringat coba buat polling capres dong i news
Baru lihat survei aja udah klojotan pendukung anis,baru lihat survei saja sudah klojotan pendukung anis
"Pilih anies. klo anies gk lolos, Baru pilih prabowo. Asal bukan Ganjar",pilih anies kalo anies enggak lolos baru pilih prabowo asal bukan ganjar
Saya pilih Anis Baswedan Bos,saya pilih anis baswedan bos
Rusak negara ini dipimpin ganjar yg jaringan otaknya terganggu dgn film pirno..dulu dengan bangga nyatakan penikmatfilm porno ...artinya menjauhi agama sekarang mau pilpres mendatangi pesantren dan ulama..jgn mau umat islam dimain2kan,rusak negara ini dipimpin ganjar yang jaringan otaknya terganggu dengan film pirno dulu dengan bangga menyatakan penikmatfilm porno artinya menjauhi agama sekarang mau pilpres mendatangi pesantren dan ulama jangan mau umat islam dimain kan
bosen surfai,bosan surfai
Insyaallah.. Prabowo presiden Indonesia 2024/2029,insyaallah prabowo presiden indonesia 
Nex Prabowo,nex prabowo
Yg survey tu harusnya independent dan dadakan bingung dah tu ganjar n prabowo,yang survey itu harusnya independent dan dadakan bingung deh itu ganjar n prabowo
Survey yg punya gila...kirain rakyat ini bodoh kali...,survey yang punya gila mengira rakyat ini bodoh kali
Bohong hox,bohong hox
Hox,hox
LEMBAGA SURVEI BAYARAN   SIAPA YANG PERCAYA,lembaga survei bayaran siapa yang percaya
Anied,anied
Bohong.,bohong
Servei independen hasilnya Anies 1. Survei Buzer Rp perusak NKRI,servei independen hasilnya anies survei buzer rp perusak nkri
Semoga ganjar pranowo presiden Palestina,semoga ganjar pranowo presiden palestina
prabowo insyaallah menang,prabowo insyaallah meg
Jadi inget tahun 2012 ketika pilgub dki jktğŸ˜‚ğŸ˜‚ğŸ˜‚,jadi ingat tahun ketika pilgub dki jakarta wajah gembira berurai air mata wajah gembira berurai air mata wajah gembira berurai air mata
Pilgub dn capres tdk sma boy,pilgub dan capres tidak sama boy
PRABOWO GAES . . . ! ! ! âœ”ï¸,prabowo gaes tanda centang tebal
Pak ganjar dan pak Bowo tetap pemenang â¤ï¸,pak ganjar dan pak bowo tetap pemeg hati merah
Ga ada yg jd Presiden dong bro ğŸ˜…,enggak ada yang jadi presiden dong bro wajah tersenyum lebar dan berkeringat
"Tukang survey buta,.. Ngak lihat dan mengamati diapa yang sangat antusias rakyat untuk mencintai capres.. Kelihatan hanya Anies yang lebih banyak..takutnya tukang survey itu nanti mengumumkan pemenangnya sebelum suara selesai di hitung.apa saja mau dilakukan yang penting mareka bisa hidup yang lain biar celaka...",tukang survey buta enggak lihat dan mengamati diapa yang sangat antusias rakyat untuk mencintai capres kelihatan hanya anies yang lebih banyak takutnya tukang survey itu ti mengumumkan pemegnya sebelum suara selesai di hitung apa saja mau dilakukan yang penting mareka bisa hidup yang lain biar celaka
Nyimak aja,menyimak saja
Ingat prabowo ingat kasus ham98 kita lwan lupa,ingat prabowo ingat kasus ham kita lwan lupa
sy ora percoyo sorva sorvay,saya ora percoyo sorva sorvay
Tidak percaya survei ayo klau berani RCTI bikin polling suara terbanyak siapa di antara ke 3 capres,tidak percaya survei ayo kalau berani rcti bikin polling suara terbanyak siapa di antara ke capres
Kami sama sekali tidak percaya dengan survey,kami sama sekali tidak percaya dengan survey
Pribumi ganjar asli,pribumi ganjar asli
Jagan percaya survaiğŸ˜‡ğŸ˜‡ğŸ˜‡,jagan percaya survai wajah malaikat wajah malaikat wajah malaikat
Jambi hadir utk mendukung prabowo....,jambi hadir untuk mendukung prabowo
Prabowo â¤,prabowo 
Kami tetap p Anies,kami tetap p anies
Ini milih presiden negara besar bro... pemilih prabowo kok milih gara2 ikhlas gara2 legowo... anjay  lawak. Milih presiden karena ikhlas....<br> Lawak pendukung wowo<br><br>Gaspol ganjar...,ini memilih presiden negara besar bro pemilih prabowo kok memilih gara gara ikhlas gara gara legowo anjay lawak memilih presiden karena ikhlas lawak pendukung wowogaspol ganjar
Surcey nya mana dulu enggk percaya.p Anies dimana2 tertinggi.tumben p Anies ke 3 baru dimasukin ke RCTI ah mls,surcey nya mana dulu enggk percaya p anies dimana tertinggi tumben p anies ke baru dimasuki ke rcti ah mls
Kok bisa beda ya <br>Jika memang metode sama <br>ğŸ˜‚<br><br>Ganjar apa Prabowo yg unggul<br>ğŸ˜…,kok bisa beda ya jika memang metode sama wajah gembira berurai air mata ganjar apa prabowo yang unggul wajah tersenyum lebar dan berkeringat
mau tau yg menang yg kalah jng ngamuk hasil akhir yg dipilih oleh rakyat yaitu Ganjar p,mau tau yang meg yang kalah jangan ngamuk hasil akhir yang dipilih oleh rakyat yaitu ganjar p
SMRC survei Etok2,smrc survei etok 
Surve ga bisa di percaya..bosan,surve enggak bisa di percaya bosan
Kasian pak anis  selalu di urutan ahir padahal star duluaan ganti olinya pak supaya lancar,kasihan pak anis selalu di urutan ahir padahal star duluaan ganti olinya pak supaya lancar
Petugas partai yg sdh2 adanya bohong.aplgi partai yg brkuasa tdk mmbela rakyt hnya untuk senang sndri.,petugas partai yang sdh adanya bohong aplgi partai yang brkuasa tidak membela rakyt hanya untuk seg sendiri
Survei bayaran,survei bayaran
Anis,anis
Sampel 1 ribu?? Coba inews yg bikin survey/polling ğŸ˜‚ğŸ˜‚,sampel ribu coba inews yang bikin survey polling wajah gembira berurai air mata wajah gembira berurai air mata
"Yg penting bukan PDIP lagi......<br>Prabowo oke, Anies yes..",yang penting bukan pdip lagi prabowo oke anies yes
Hasil yang nyata ada deh.,hasil yang nyata ada deh
Gak ngaruh sorpe yang jelas Ganjar tetap terdepan brow,enggak ngaruh sorpe yang jelas ganjar tetap terdepan brow
Rakyat indonesia sudah tahu dan pintar.ANIS ANIS ANIS...<br>SURVEY ANIS TTP NOMOR 1.jangan dibalikâ˜ºâ˜º,rakyat indonesia sudah tahu dan pintar anis anis anis survey anis tetap nomor jangan dibalik
Pk prabowo berpasangan dengan pk mah fud pasti presiden.,pakai prabowo berpasangan dengan pakai mah fud pasti presiden
Anies ae...!!,anies saja
Survey absl2,survey absl 
"Aneh, kok Anis nomor 3 terus..",aneh kok anis nomor terus
ANIS RASYID BASWEDAN InsyaAllah Presiden Amiin,anis rasyid baswedan insyaallah presiden amin
Survey tdk mnjamin yg jls rakyat yg memilh klo yg mmpunyai uang bnyk survey nya bsa di atas Insya ALLAH RI 1 di menangkn olh ARB.,survey tidak mnjamin yang jls rakyat yang memilh kalo yang mmpunyai uang banyak survey nya bisa di atas insya allah ri di megkn olh arb
Hanya Ganjar penerus jkw. Milenial pemula pilih ganjar penerus jkw.,hanya ganjar penerus jkw milenial pemula pilih ganjar penerus jkw
"Masuk pak Eko,, survei abal2 sudah masuk ni kayak nya rakyat ketawa kelitik melihat nya...ğŸ¤£ğŸ¤£ğŸ¤£ğŸ¤£",masuk pak eko survei abal abal sudah masuk nih kayak nya rakyat ketawa kelitik melihat nya tertawa terbahak bahak tertawa terbahak bahak tertawa terbahak bahak tertawa terbahak bahak
lembaga abal2 koq di percaya...sementara media tv milik oligarkibpendamping rezim...muaaak,lembaga abal abal kok di percaya sementara media tv milik oligarkibpendamping rezim muaaak
Surve abal abal....,surve abal abal
semoga org Jawa mengutamakan adat budaya waktu memilih kepala negara. capres 2024 dan 2029 nanti.,semoga orang jawa mengutamakan adat budaya waktu memilih kepala negara capres dan ti
2x pilih pak jokowi saatnya all in untuk Bpk prabawo. Ganjar bagus sih tapi aku gak suka karena petugas partai., x pilih pak jokowi saatnya al ini untuk bpk prabawo ganjar bagus sih tapi aku enggak suka karena petugas partai
Nice,nice
Banyak orang2 bodoh yang masih bisa dipengaruhi dengan akal akalan ini.. ğŸ˜‚,banyak orang orang bodoh yang masih bisa dipengaruhi dengan akal akalan ini wajah gembira berurai air mata
"RAKYAT TDK PERCAYA LAGI,TERNYATA SURVE BAYARAN SIAPA YG BYK DUWET ITU YG TINGGI,PK ANIES GK MASALAH SEKALIPUN RENDAH MEMANG GAK PUNYA MODAL,TAPI INGAT RAKYAT YG AKAN PILIH PERUBAHAN.SMG TIHAN YG MAHA ESA MEMBERI KEMUDAHAN  PERUBAHAN 2024.AAMIIN.",rakyat tidak percaya lagi ternyata surve bayaran siapa yang banyak duwet itu yang tinggi pakai anies enggak masalah sekalipun rendah memang enggak punya modal tapi ingat rakyat yang akan pilih perubahan semoga tihan yang maha esa memberi kemudahan perubahan amin
"Saya tidak percaya sedikit pun dgn surva survey karena pengalaman dr yg sudah&quot; biasanya utk menyesatkan / mempengaruhi opini publik, semoga bangsa indonesia makin cerdas, jgn sampe tergiur amplop &amp; bingkisan dr parte/ calon tertentu.",saya tidak percaya sedikit pun dengan surva survey karena pengalaman dari yang sudah biasanya untuk menyesatkan mempengaruhi opini publik semoga bangsa indonesia makin cerdas jangan sampai tergiur amplop bingkisan dari parte calon tertentu
Di lembaga surfay. Pa anis selalu di urutan Terahir...? ğŸ˜‚. Ini di pastikan pa ganjar &amp; pa prabowo. Dua2nya akan menang di pil pres 2024. karena satu aliran...!,di lembaga surfay apa anis selalu di urutan terahir wajah gembira berurai air mata ini di pastikan apa ganjar apa prabowo dua duanya akan meg di pil pres karena satu aliran
Teruslah jadi stasiun TV nasional yg independen. Jangan kayak TV sebelah. Sangat mencolok mendukung salah satu bacapres saja,teruslah jadi stasiun tv nasional yang independen jangan kayak tv sebelah sangat mencolok mendukung salah satu bacapres saja
"Walaupun dalam survei paling bontot tetapi saya tetap bangga dengan pilihan saya. Bapak Anies sebagai Ri1 Baswedan sebagai idola karena banyak memberikan motivasi, ilmu, pengetahuan dan wawasan.<br><br>Kalah maupun menang adalah hal biasa. Yuk kumpul yang sependapat",walaupun dalam survei paling bontot tetapi saya tetap bangga dengan pilihan saya bapak anies sebagai ri baswedan sebagai idola karena banyak memberikan motivasi ilmu pengetahuan dan wawasan kalah maupun meg adalah hal biasa yuk kumpul yang sependapat
@Mas Saiful kok bisa ? Kenapa ? Salah apa ? Kalau gak bisa jelaskan wkwkwkk kurang piknik,mas saiful kok bisa kenapa salah apa kalau enggak bisa jelaskan wkwkwk kurang piknik
Males jdi mentri ja dipecat gimna klo jdi pleciden,malas jadi mentri saja dipecat bagaimana kalo jadi pleciden
@Rudi Hartono KADRUN = KAFIR SUDRUN?ğŸ¤£ğŸ¤£ğŸ¤£ğŸ¤£<br>OTEN KADRUN OTEN KFRIR SUDRUN?ğŸ¤£ğŸ¤£ğŸ¤£ğŸ¤£,rudi hartono kadrun kafir sudrun tertawa terbahak bahak tertawa terbahak bahak tertawa terbahak bahak tertawa terbahak bahak oten kadrun oten kfrir sudrun tertawa terbahak bahak tertawa terbahak bahak tertawa terbahak bahak tertawa terbahak bahak
Kalah menang yg penting pak Anis.,kalah meg yang penting pak anis
@Ben indomaret yang penting pilihanku cerdas. Bolehlah di adu sama pilihanmu,ben indomaret yang penting pilihanku cerdas bolehlah di adu sama pilihanmu
Prabowo orang yg iklas pejuang yg tangguh pantas memimpin Rl,prabowo orang yang iklas pejuang yang tangguh pantas memimpin rl
"Smoga satu putaran saja, goal.Ganjar jadi RI satu !",semoga satu putaran saja goal ganjar jadi ri satu
@Indra Mohd92 @ solusi nya cuman anis.soal nya bukti nya nyata.giman dia memimpin 2p di dki.,indra mohd solusi nya cuman anis soal nya bukti nya nyata giman dia memimpin p di dki
"@Roky Oky Kebijakan Pejabat terllu ambisius tanpa melihat prestasi, ya begini negara besar kaya sumber daya Alam, tapi gak maju2.",roky oky kebijakan pejabat terllu ambisius tanpa melihat prestasi ya begini negara besar kayak sumber daya alam tapi enggak maju 
@Indra Mohd92 @ tapi mau gimana lagi.kita non suku jawa terpaksa menerima aja.dpt mereka 65 di negri ini.kita bukan sarah atau apa.itu fakta sesunguh nya.,indra mohd tapi mau bagaimana lagi kita non suku jawa terpaksa menerima saja dapat mereka di negeri ini kita bukan sarah atau apa itu fakta sesunguh nya
"@Roky Oky Betul<br>Makanya PDIP<br>Mecapreskan<br>Orang jawa lagi<br>Orang jawa lagi,<br>Gak prestasi gak maslah<br>Yang penting orang jawa.",roky oky betulmakanya pdipmecapreskanorang jawa lagiorang jawa lagi enggak prestasi enggak masalahyang penting orang jawa
@Adib Susilo @ pildun u20 itu.ganjar vokal menolak.lantaran perintah partai nya begitu.nama nya aja petugas partai kebijakan yo partai yg nentuin.yg koplak&#39;&#39;masih aja mau mendukung boneka partai kyk gtu.aku yakin 98 persen mereka mendukung tu.lantaran suku mereka jawa.asalkan sesuku hantam trus....walaupun ujung&#39;&#39;nya negara ini melarat,adib susilo pildun u itu ganjar vokal menolak lantaran perintah partai nya begitu nama nya saja petugas partai kebijakan ya partai yang menentukan yang kocakmasih saja mau mendukung boneka partai kayak begitu aku yakin persen mereka mendukung itu lantaran suku mereka jawa asalkan sesuku hantam terus walaupun ujungnya negara ini melarat
Anies ajalah ..kmrn dah Prabowo...ğŸ˜…ğŸ˜…,anies ajalah kemarin deh prabowo wajah tersenyum lebar dan berkeringat wajah tersenyum lebar dan berkeringat
"Yg penting anis nyungsep terus , di huni kaum munafik",yang penting anis nyungsep terus di huni kaum munafik
Prabowo yes,prabowo yes
Pdip pilih airlangga sbg cawapres,pdip pilih airlangga sebagai cawapres
Persiden nya siapa aja boleh.. Asal jangan dari orang banteng ajah.. Buruh melarat jangan lupa woi ğŸ˜…ğŸ˜‚ğŸ¤£,persiden nya siapa saja boleh asal jangan dari orang banteng saja buruh melarat jangan lupa woi wajah tersenyum lebar dan berkeringat wajah gembira berurai air mata tertawa terbahak bahak
Assiiikkk..anis unggulll..calon security yesss,assiiik anis unggul calon security yes
"Keliatan bohong suvey abal abal, jika Anis memang diurutan bawah kenapa selalu dibuli dijelek jelekan, harusnya dak perlu dihiraukan Anis. Dari sini bisa dibaca jika yg benar Anis lah yg terunggul, yg lain jauh tertinggal dibawah Anis",kelihatan bohong suvey abal abal jika anis memang diurutan bawah kenapa selalu dibuli dijelek jelekan harusnya indak perlu dihiraukan anis dari sini bisa dibaca jika yang benar anis lah yang terunggul yang lain jauh tertinggal dibawah anis
GANJAR TETAP PRESIDEN 2024,ganjar tetap presiden 
Survei tergantung yg membayar .rakyat cerdas.. contohnya sy dan kluarga sya asli pendukung. Pak Anies.,survei tergantung yang membayar rakyat cerdas contohnya saya dan keluarga saya asli pendukung pak anies
Survey pedut lah....<br>Teu ngaruh ka rakyat mah,survey pedut lah teu ngaruh kak rakyat mah
ğŸ˜‚ğŸ˜‚ğŸ˜‚urutannya kebalik,wajah gembira berurai air mata wajah gembira berurai air mata wajah gembira berurai air mata urutannya kebalik
Prabowo Subianto orang tegas dan ikhlas,prabowo subianto orang tegas dan ikhlas
Yakin broo.. ğŸ˜†,yakin bro wajah tersenyum lebar dan memejamkan mata
"Yg benar yg mana? LS ini hasilnya begini, LS yg itu hasilnya begitu. Kalau metodenya benar ga mungkin hasilnya beda2, apa bedanya dgn kita nanya pada dukun!",yang benar yang mana ls ini hasilnya begini ls yang itu hasilnya begitu kalau metodenya benar enggak mungkin hasilnya beda beda apa bedanya dengan kita bertanya pada dukun
Hoax,hoax
Bravo Pak prabowo,bravo pak prabowo
"Hmmm.. survey ğŸ˜®g seru,, polling minğŸ˜Š baru seru..",hm survey wajah dengan mulut terbuka enggak seru polling min wajah tersenyum dengan mata bahagia baru seru
Lembaga survei hanya sampah,lembaga survei hanya sampah
SurveyğŸ˜‚ğŸ˜‚ğŸ˜‚,survey wajah gembira berurai air mata wajah gembira berurai air mata wajah gembira berurai air mata
Di pildan pildun di miyaba Miyabi di bokap bokep di kocak kocok di Obak obok rakyat tetap mempercayai pak Ganjar Pranowo sebagai Presiden menurut 7 Lembaga Survei.,di pildan pildun di miyaba miyabi di bokap bokep di kocak kocok di obak obok rakyat tetap mempercayai pak ganjar pranowo sebagai presiden menurut lembaga survei
Jelas anie paling top Rakyat yg dukung ğŸ‘ğŸ‘ğŸ‘,jelas anie paling top rakyat yang dukung jempol ke atas jempol ke atas jempol ke atas
"Betul survey nya, tapi knapa MASIH MERASA KETAKUTAN dgn Anies Rasyid Baswedan.",betul survey nya tapi knapa masih merasa ketakutan dengan anies rasyid baswedan
TANDA2 KIAMATğŸ˜‚,tanda kiamat wajah gembira berurai air mata
Surve tidak banyak berpengaruh kalau hanya sampelnya dari daerah itu itu saja tapi kalau sampel disebar suluruh indonesia  berubah total,surve tidak banyak berpengaruh kalau hanya sampelnya dari daerah itu itu saja tapi kalau sampel disebar suluruh indonesia berubah total
Bung Anies Final 2024,bung anies final 
LSI mantabbb,lsi mantab
Survei abal_abal..,survei abal abal
Anies di pilkada dki th 2017 selalu no.3 survainya tetapi ttep menang sbgai yg no.1<br>Jd ga perlu dirisaukan olih hasil2 survai,anies di pilkada dki tahu selalu no survainya tetapi tetap meg sebagai yang no jadi enggak perlu dirisaukan olih hasil survai
Prabowo selanjutnya aminâ¤,prabowo selanjutnya amin
Semoga Prabowo presiden 2024,semoga prabowo presiden 
Segitunya pelacur politik bikin surveiiii,sebegitunya pelacur politik bikin survei
Ha... ha... ha...<br>Ko Anis paling bawah terus sih..<br>Nanti pendukungnya marah2 tuh katanya survey hasil bayaran...,ha ha ha kok anis paling bawah terus sih ti pendukungnya marah marah tuh katanya survey hasil bayaran
RAMBUT PUTIH_ presiden,rambut putih presiden
Anis annnncur ancur.....siapapun wakilnya nggak ngaruh.....,anis annnncur hancur siapapun wakilnya enggak ngaruh
"survei survei tai kucing.<br>  klau pemiliham sblem d pilih pemenang,y udah d tentuin lembaga survai. usul klau gtuh taun yg akan dteng gak usah ada pemilihan lagi.udah aja pemenag,y d tunjuk oleh Yg kata,y hebat sperti lembaga Survei.",survei survei tahi kucing kalau pemiliham sblem di pilih pemeg ya sudah di tentuin lembaga survai usul kalau begitu tahun yang akan datang enggak usah ada pemilihan lagi sudah saja pemenag ya di tunjuk oleh yang kata ya hebat seperti lembaga survei
Anies Baswedan ğŸ‘ğŸ‘ğŸ¤²ğŸ¤²,anies baswedan jempol ke atas jempol ke atas tangan diangkat dan dirapatkan bersama tangan diangkat dan dirapatkan bersama
Anies menang pada merapat dah lu pada..,anies meg pada merapat deh lu pada
Ragu dgn poling ini,ragu dengan poling ini
Masak punya calon presiden terlibat kasus korupsi kasus E KTP...semoga para pemilih lebih cerdas,masak punya calon presiden terlibat kasus korupsi kasus e ktp semoga para pemilih lebih cerdas
Mudah2an sample surveynya ratusan ribu dari berbagai wilayah Indonesia..bukan sekedar seribu orang di Jawa ( sekitar kota semarang) Tengah seolah sdh mewakili seluruh Indonesia.ğŸ˜ğŸ˜ğŸ˜,mudah mudahan sample surveynya ratusan ribu dari berbagai wilayah indonesia bukan sekedar seribu orang di jawa sekitar kota semarang tengah seolah sudah mewakili seluruh indonesia wajah gembira dengan mata bahagia wajah gembira dengan mata bahagia wajah gembira dengan mata bahagia
PRESIDEN 2024 ğŸ‡®ğŸ‡©ğŸ‡®ğŸ‡©ğŸ‡®ğŸ‡©<br><br>PERMAINAN BERPIKIR MANUSIA BIASA!!!<br><br>  Jika saya bakal calon presiden memiliki banyak dukungan dari penguasa negeri ini (harta kekayaannya yang banyak) dan bantuan dana dari penguasa negara lain. Apalagi sudah pasti semua lembaga lainnya termasuk lembaga survey menginginkan keuntungan besar dan sudah pasti juga tidak ada lembaga-lembaga lainnya termasuk lembaga survey ingin rugi.<br><br>Apa yang harus saya dan tim saya lakukan untuk lembaga-lembaga lain  termasuk lembaga survey supaya poin suara saya bisa dominan dari bakal calon presiden lainnya??!!!<br><br><br>NOTE : Mari CERDAS dan BIJAKSANA dalam memilih Presiden. Ingat Masa Kerja Presiden itu 5 tahun ke depan berarti yang menentukan MASA DEPAN (RAKYAT (KITA SEMUA TERMASUK ANAK dan CUCU KITA)) Bangsa dan Negeri ini 5 tahun ke depan.!!!!,presiden bendera indonesia bendera indonesia bendera indonesia permai berpikir manusia biasa jika saya bakal calon presiden memiliki banyak dukungan dari penguasa negeri ini harta kekayaannya yang banyak dan bantuan dana dari penguasa negara lain apalagi sudah pasti semua lembaga lainnya termasuk lembaga survey menginginkan keuntungan besar dan sudah pasti juga tidak ada lembaga lembaga lainnya termasuk lembaga survey ingin rugi apa yang harus saya dan tim saya lakukan untuk lembaga lembaga lain termasuk lembaga survey supaya poin suara saya bisa domi dari bakal calon presiden lainnya note mari cerdas dan bijaksana dalam memilih presiden ingat masa kerja presiden itu tahun ke depan berarti yang menentukan masa depan rakyat kita semua termasuk anak dan cucu kita bangsa dan negeri ini tahun ke depan
Itu survey dak boong ta broo.....?????,itu survey indak bohong ta bro
Tetap ngak milih capres yg ngk ada istri di 2024 ğŸ¤£ğŸ¤£ğŸ¤£,tetap enggak memilih capres yang enggak ada istri di tertawa terbahak bahak tertawa terbahak bahak tertawa terbahak bahak
"I news coba bikin pooling aja,biar bisa jadi pembanding dg lembaga survey...berani ga?ğŸ˜ƒ",i news coba bikin pooling saja biar bisa jadi pembanding dengan lembaga survey berani enggak wajah tersenyum lebar
Suara partai itu cuman sedikit<br>Org yg hidup di partai itu cuman sedikit<br>Kaloo di seluruh Indonesia org org yg hidup di partai cuman sekitar 5 persen 95 persen itu rakyat yg bebas partai dn bebas pemilihan<br>Jadi suara keterpilihan partai itu tidak bisa di ambil kesimpulan nya<br>Karna rakyat kadang memilih calon bukan partai<br>Dn ada beberapa paktor dalam pemilihan<br>Terjadi di suara Angota DPR<br>.mereka kampanye dgan uwang .<br>Ada yg masuk di kostum olah raga<br>Ada yg masuk di kostum robana<br>Ada yg masuk di sembako<br>Ada yg lansung memberikan uwang dengan bantuan ini itu di tahun politik<br>Dn serangan Pajar<br>Jadi suara partai tidak bisa di simpulkan hari ini segini lima thn lagi bisa berub2h dn seterus nya<br>Jika suara saat ini di simpulkan<br>Itu hanya akn mempermudah kecurangan terjadi,suara partai itu cuman sedikitorang yang hidup di partai itu cuman sedikitkalo di seluruh indonesia orang orang yang hidup di partai cuman sekitar persen persen itu rakyat yang bebas partai dan bebas pemilihanjadi suara keterpilihan partai itu tidak bisa di ambil kesimpulan nyakarena rakyat kadang memilih calon bukan partaidan ada beberapa paktor dalam pemilihanterjadi di suara angota dpr mereka kampanye dgan uwang ada yang masuk di kostum olah ragaada yang masuk di kostum robanaada yang masuk di sembakoada yang lansung memberikan uwang dengan bantuan ini itu di tahun politikdan serangan pajarjadi suara partai tidak bisa di simpulkan hari ini segini lima tahun lagi bisa berub h dan seterus nyajika suara saat ini di simpulkanitu hanya akan mempermudah kecurangan terjadi
ğŸ˜‚ğŸ˜‚ğŸ˜‚ğŸ˜‚ğŸ˜‚ LUCU  HASIL SURVE,wajah gembira berurai air mata wajah gembira berurai air mata wajah gembira berurai air mata wajah gembira berurai air mata wajah gembira berurai air mata lucu hasil surve
"Ada banyak metode membohongi dengan statistik, rakyat tidak polos2 dan lugu. Jadi ya saya yakin Pak Anis sesungguhnya banyak di hati Rakyat. Pak probowo dan ganjar juga sangat wangi di hati oligarki ğŸ˜",ada banyak metode membohongi dengan statistik rakyat tidak polos dan lugu jadi ya saya yakin pak anis sesungguhnya banyak di hati rakyat pak probowo dan ganjar juga sangat wangi di hati oligarki wajah gembira dengan mata bahagia
"Yaiyalah, kan prabowo bagian dari oligarkiğŸ¤­",yaiyalah kan prabowo bagian dari oligarki wajah dengan tangan menutup mulut
Inews punya spa dh pda tau kn..?,inews punya spa dah pada tau kan
SMRC surveyor bauaranğŸ˜‚ğŸ¤­,smrc surveyor bauaran wajah gembira berurai air mata wajah dengan tangan menutup mulut
Tiap hari beritanya survei Mulu ğŸ˜‚,tiap hari beritanya survei mulu wajah gembira berurai air mata
Survey...bohong....BKN  pilihan rakyattt jg. Mau di bohongi oligarkiğŸ˜®ğŸ˜®ğŸ˜…ğŸ˜…,survey bohong bukan pilihan rakyat juga mau di bohongi oligarki wajah dengan mulut terbuka wajah dengan mulut terbuka wajah tersenyum lebar dan berkeringat wajah tersenyum lebar dan berkeringat
Cukup tantang mereka buat poling berani gak?,cukup tantang mereka buat poling berani enggak
"Prabowo dari dulu KLO survey unggul trs,,TPI keok trs",prabowo dari dulu kalo survey unggul terus tapi keok terus
Polling aja,polling saja
Survey yg baru lo,survey yang baru lo
Hari tanu pemilik RCTI kt bapak konglomerat tpi knp masih mau  aj menerima sogok untuk menyiarkan surpy Abal Abal saya sumpai jadi miskin,hari tanu pemilik rcti kita bapak konglomerat tapi kenapa masih mau saja menerima sogok untuk menyiarkan surpy abal abal saya sumpai jadi miskin
"Banyak yg jadi korban lembaga survey...percayalah 2024 ANIES PRESIDEN, sulit kandidat lain utk menang melawan ANIES.",banyak yang jadi korban lembaga survey percayalah anies presiden sulit kandidat lain untuk meg melawan anies
Sudahlah siapa yg percaya survei ini. Beda dengan fakta di lapangan...<br>Anis AHY presiden 2024,sudahlah siapa yang percaya survei ini beda dengan fakta di lapangan anis ahy presiden 
mudah&quot;an pak prabowo naek,mudahan pak prabowo naik
"kalau saya tetap Prabowo,semuga amanah",kalau saya tetap prabowo semuga amanah
Asal jangan Ganjat...<br>Bikin piala dunia GAGAL.,asal jangan ganjat bikin piala dunia gagal
Pak Anis pemimipin perubahahan .,pak anis pemimipin perubahahan
Prabowo dan ganjar menang presiden surfe tapi anis pemenang yg sebenarnya,prabowo dan ganjar meg presiden surfe tapi anis pemeg yang sebenarnya
Sikuning gak ada kadernyağŸ˜…ğŸ˜‚ğŸ˜‚,sikuning enggak ada kadernya wajah tersenyum lebar dan berkeringat wajah gembira berurai air mata wajah gembira berurai air mata
Kok baru menjelang pemilu  ribut  teru elit2 politik..,kok baru menjelang pemilu ribut terus elit politik
ANIES....R1 2024 Insya ALLAH.,anies r insya allah
@Eko Hadi Purwanto ya presiden food state singkong hehehehehehe....,eko hadi purwanto ya presiden food state singkong hehehehehehe
Prabowo presiden RI 2024. Amin...,prabowo presiden ri amin
anis pasti menang jadi ketua rt,anis pasti meg jadi ketua rt
Prabowo Subianto pasti menang,prabowo subianto pasti meg
"Pak anis sllu ke 3,,,ga prcaya survey apqlgi survey dri koalisi si nganu ğŸ˜‚",pak anis selalu ke enggak prcaya survey apqlgi survey dari koalisi sih nganu wajah gembira berurai air mata
Maaf maaf aja ini ya kami gak percaya dgn hasil survei. Pokok nya kami memilih anies baswedan..,maaf maaf saja ini ya kami enggak percaya dengan hasil survei pokok nya kami memilih anies baswedan
"Prabowo ambil AHY sbg cawapres,anis nganggur ğŸ˜‚",prabowo ambil ahy sebagai cawapres anis nganggur wajah gembira berurai air mata
"ğŸ˜‚ğŸ˜‚ğŸ˜‚ğŸ˜‚ğŸ˜‚ğŸ˜‚saepul mujani hasil surveynya salah truus karena abal abal kale.Bukti nyata dulu saat anis jadi calon DKI satu dulu,anis selalu kalah di saeful mujani... tapi ahirnya anis menang.ğŸ˜…ğŸ˜…ğŸ˜…ğŸ˜…",wajah gembira berurai air mata wajah gembira berurai air mata wajah gembira berurai air mata wajah gembira berurai air mata wajah gembira berurai air mata wajah gembira berurai air mata saepul mujani hasil surveynya salah truus karena abal abal kali bukti nyata dulu saat anis jadi calon dki satu dulu anis selalu kalah di saeful mujani tapi ahirnya anis meg wajah tersenyum lebar dan berkeringat wajah tersenyum lebar dan berkeringat wajah tersenyum lebar dan berkeringat wajah tersenyum lebar dan berkeringat
Parbowo. Anis.,parbowo anis
jangan di percaya berita ini anggap aka orang jial jamu amboyyyy,jangan di percaya berita ini anggap aka orang jial jamu amboy
"Habiskan uang untuk jadi president, president tdk lebih pinter dari rakyat, president boleh banyak uang, harta, dsb, toh president yg di makan sama, pakai sendok, tdk mungkin president makan pakai sekop, cangkul, president terhormat bila menjabat, turun tahta, pensiun, jalan diumum, sendirian, bisa dibogem orang dan tdk terhormat,begitu juga orang kaya pejabat apa sj. Rakyat sudah tahu uang yg di dapat.",habiskan uang untuk jadi president president tidak lebih pintar dari rakyat president boleh banyak uang harta dsb toh president yang di makan sama pakai sendok tidak mungkin president makan pakai sekop cangkul president terhormat bila menjabat turun tahta pensiun jalan diumum sendirian bisa dibogem orang dan tidak terhormat begitu juga orang kayak pejabat apa saja rakyat sudah tahu uang yang di dapat
siapa yang bayar survey ......,siapa yang bayar survey
Surfei blm jelas yg jelas poling ...ilc..anis tetap yg 1.,surfei belum jelas yang jelas poling ilc anis tetap yang 
Anis yes Anis yes Anis yes Anis peresiden 2024,anis yes anis yes anis yes anis peresiden 
"Hasil sirvei Anies abadi di nomor buntut, tapi rezim bisa pusing dibuatnya termasuk koalisi lain puyeng2, kira2 ada apa dgn survei Anies,",hasil sirvei anies abadi di nomor buntut tapi rezim bisa pusing dibuatnya termasuk koalisi lain puyeng kira kira ada apa dengan survei anies
"Anis baik, ganjar baik, tp saya kasihn sama prabowo yg sdh jelas perjuangannya dr dulu dan ilmunya mumpuni. Ksih kesempatan prabowo, maka akn trlihat lebihnya prabowo.",anis baik ganjar baik tapi saya kasihan sama prabowo yang sudah jelas perjuangannya dari dulu dan ilmunya mumpuni kasih kesempatan prabowo maka akan terlihat lebihnya prabowo
teringat diwktu pak anies calon gubernur DKI g prnh ad di urutan nmer satu gt loh.. tp hasil nyata nya di survei sbnrnya malah anies yg menang. diwktu pilpres 2019 pak prabowo sllu nmer satu di survei. tp hasil nyata disurvei aslinya pak jokowi yg menang ya bgtulah mntep kan,teringat diwktu pak anies calon gubernur dki enggak pernah ada di urutan nmer satu begitu loh tapi hasil nyata nya di survei sbnrnya malah anies yang meg diwktu pilpres pak prabowo selalu nmer satu di survei tapi hasil nyata disurvei aslinya pak jokowi yang meg ya bgtulah mntep kan
Mantap pak Ganjar capres th 2024,mantap pak ganjar capres tahu 
dukung pak anies baswedan,dukung pak anies baswedan
Prabowo Subianto R1,prabowo subianto r 
"Ada 4 titik di tubuh manusia itu yg harus diperhatikan yaitu :<br>1. Kepala (akal dan pikiran)<br>2. Dada (qalbu)<br>3. Perut <br>4. Bawah perut.<br><br>Seseorang yg selalu fokus mengasah titik di bagian kepala dan dada (titik akal budi) akan menjadi manusia yg teruji dan tertempa, sehingga akhirnya orang tsb akan menjadi Pemimpin yg benar, berwibawa dan adil.<br><br>Orang yg menyukai pada titik di bagian perut dan bawah perut, yaitu memperturutkan nafsu syahwat dan keserakahan akan menjadi Pemimpin yg bejat.",ada titik di tubuh manusia itu yang harus diperhatikan yaitu kepala akal dan pikiran dada qalbu perut bawah perut seseorang yang selalu fokus mengasah titik di bagian kepala dan dada titik akal budi akan menjadi manusia yang teruji dan tertempa sehingga akhirnya orang tersebut akan menjadi pemimpin yang benar berwibawa dan adil orang yang menyukai pada titik di bagian perut dan bawah perut yaitu memperturutkan nafsu syahwat dan keserakahan akan menjadi pemimpin yang bejat
TIGA CALON  SEMUA ANAK BANGSA YG BAIK.TAPI ADA YG TERBAIK PILIHAN RAKYAT   SIAPA SATU2NYA BAPAK ANIS BSW.,tiga calon semua anak bangsa yang baik tapi ada yang terbaik pilihan rakyat siapa satu nya bapak anis bsw
Ha.... ha... ha...<br>Yg milih Anis paling2 rakyat yg tergabung dlm Kaum Monaslimin...,ha ha ha yang memilih anis paling rakyat yang tergabung dalam kaum monaslimin
Kenapa tiap lembaga survey ga ada yg tayangin vidio pas pengambilan suara sih...itu yg membuktikan data..bukan cuma data yg di tampilkan...,kenapa tiap lembaga survey enggak ada yang tayangin vidio pas pengambilan suara sih itu yang membuktikan data bukan cuma data yang di tampilkan
Mlihat surpai <br>Pa anis slalu unggul <br>Tapi d brita pa anis slalu no 3 wkwkwkw,mlihat surpai apa anis selalu unggul tapi di berita apa anis selalu no wkwkwkw
Anies survei hoax,anies survei hoax
"Jika mementingkan bangsa cocoknya<br>Prabowo-ganjar<br>Dimana Indonesia cocok menghadapai isu perang ada di prabowo dan penerus jokowi ada di ganjar,<br>Tapi jika di balik Ganjar-prabowo kurang cocok. Blunder U20, dan pengalam ganjar masih kalah dg prabowo",jika mementingkan bangsa cocoknyaprabowo ganjardimana indonesia cocok menghadapai isu perang ada di prabowo dan penerus jokowi ada di ganjar tapi jika di balik ganjar prabowo kurang cocok blunder u dan pengalaman ganjar masih kalah dengan prabowo
Anis,anis
Kami sekeluarga siap memenang kan Ganjar Pranowo.,kami sekeluarga siap memeg kan ganjar pranowo
Bodo amat,bodo amat
Saya jateng asli <br>Dukung Pk prabowo<br>Kemarin 2x pk jokowi,saya jateng asli dukung pakai prabowokemarin x pakai jokowi
Kenapa tidak sekalian aja sama tetangga loğŸ˜,kenapa tidak sekalian saja sama tetangga lo wajah gembira dengan mata bahagia
Asik bisa NOBAR bareng keluarga,asik bisa menonton bareng bareng keluarga
â€‹@Hesti Febriantanus edan, hesti febriantanus edan
Prabowo Is the best,prabowo is the best
Jangan pilih ganjar pranowo dan anies mereka petugas partai semua hahahaha,jangan pilih ganjar pranowo dan anies mereka petugas partai semua hahahaha
Survey Abal Abal alias Abal abal,survey abal abal alias abal abal
Banyuwangi hadir.. Siap dukung prabowo subianto..,banyuwangi hadir siap dukung prabowo subianto
2024 prabowo, prabowo
"Ini kalau survi tdk indipenden  anis sll dibawah tapi sll ditakuti oleh rezin, jadi nya aneh...ğŸ˜…",ini kalau survi tidak indipenden anis sl dibawah tapi sl ditakuti oleh rezin jadi nya aneh wajah tersenyum lebar dan berkeringat
Yg takut itu kamu... Menuduh orang lain... Sendiri bikin sandiwara teriak&quot; di jegal di zolimi... Dasar otak kongslet...ğŸ˜‚ğŸ˜‚ğŸ˜‚,yang takut itu kamu menuduh orang lain sendiri bikin sandiwara teriak di jegal di zolimi dasar otak kongslet wajah gembira berurai air mata wajah gembira berurai air mata wajah gembira berurai air mata
Madura. Pendukung prabowo,madura pendukung prabowo
Bravo PRABOWO <br>ğŸ’ªğŸ’ªğŸ’ª,bravo prabowo lengan berotot lengan berotot lengan berotot
<b>Apapun rintangannya saya tetep pilih PRABOWO SUBIANTO beliau pejuangNKRi sejati dan mempunyai silsilah yg jelas TDK meng ada-ada</b>,apapun rintangannya saya tetap pilih prabowo subianto beliau pejuangnkri sejati dan mempunyai silsilah yang jelas tidak meng ada ada
Ini surve betulan apa surve Abal Abal,ini surve betulan apa surve abal abal
Sy gk prnah percaya dg Hasil Survey.,saya enggak pernah percaya dengan hasil survey
"Ah saya mah lebih percaya hsl polling lebih netral ...tdk bisa direkayasa....survey mah pesanan.,prabowo sendiri katakan  di tv..ğŸ˜‚ğŸ˜‚",ah saya mah lebih percaya hsl polling lebih netral tidak bisa direkayasa survey mah pesa prabowo sendiri katakan di tv wajah gembira berurai air mata wajah gembira berurai air mata
"Surve d indonesia surve abal abal yg penting ada uang maka dia urutan no satu,  tetap Anis presiden 2024 , OK.",surve di indonesia surve abal abal yang penting ada uang maka dia urutan no satu tetap anis presiden ok
"Apakah data sampel seribuan responden menggambarkan kondisi riil ratusan juta pemilih.<br>Dengan tingkat akurasi diatas 90%.<br><br>Ataukah benar, lembaga survey memenangkan pemesannya... <br><br>2024 insyaAllah pilih PETUGAS RAKYAT...",apakah data sampel seribuan responden menggambarkan kondisi riil ratusan juta pemilih dengan tingkat akurasi diatas ataukah benar lembaga survey memegkan pemesannya insyaallah pilih petugas rakyat
Survey abal 2... Anis thebest,survey abal anis thebest
Ganjr,ganjr
"Prabowo punya suara cadangan,, klo dua putaran,,",prabowo punya suara cadangan kalo dua putaran
"@Hadi Wijaya ohh gtu, okee okee bner jg,, tengyuh mbah ğŸ‘ğŸ‘ğŸ‘",hadi wijaya oh begitu oke oke benar juga tengyuh mbah jempol ke atas jempol ke atas jempol ke atas
"@dowoh klo anis kalah di putaran pertama,,, otomatis sebagian pemilih anis,, beralih ke prabowo,,,,, begitupun klo ganjar kalah di putaran pertama,, takan mungkin suara ganjar pindah ke anis,, pasti ke prabowo,, prabowo sudah di atas angin,, tapi klo prabowo kalah,, suaranya akan terbagi,, ke anis dan ke ganjar,,,",dowoh kalo anis kalah di putaran pertama otomatis sebagian pemilih anis beralih ke prabowo begitupun kalo ganjar kalah di putaran pertama takan mungkin suara ganjar pindah ke anis pasti ke prabowo prabowo sudah di atas angin tapi kalo prabowo kalah suaranya akan terbagi ke anis dan ke ganjar
mksudny gmana mas e? serius nanya,mksudny bagaimana mas e serius bertanya
Jd digabung hasil 2 Survey menunjukkan GANJAR PRANOWO UNGGUL.,jadi digabung hasil survey menunjukkan ganjar pranowo unggul
Prabowo Subianto lah ya bersanding dengan mafud md,prabowo subianto lah ya bersanding dengan mafud md
Yaahhh berkaca aja dari survey pilkada DKI yang lalu dimana seluruh survey hasilnya zonk malah Anies Baswedan yang terpilih jadi gubernur dengan swara sangat signifikan....lalu adakah punya rasa malu  kaum surveyor??,ya berkaca saja dari survey pilkada dki yang lalu dimana seluruh survey hasilnya zonk malah anies baswedan yang terpilih jadi gubernur dengan swara sangat signifikan lalu adakah punya rasa malu kaum surveyor
Ini baru survai dn wakt masih jauh semua bisa berubah akhirnya nnt semua ke bpk prabowo,ini baru survai dan wakt masih jauh semua bisa berubah akhirnya ti semua ke bpk prabowo
Demi duit urat malu nya dah putus,demi duit urat malu nya deh putus
Surfey abal abal,surfey abal abal
Probowo cocok  dg TGB,probowo cocok dengan tgb
"RAKYAT WAJIB TIDAK PILIH CAPRES PETUGAS PARTAI , PILIHLAH CAPRES PETUGAS RAKYAT YAITU BAPAK ANIES BASWEDAN YANG BERANI ,TEGAS DAN JUJUR INGIN MENEGAKKAN KEADILAN BAGI SELURUH RAKYAT INDONESIA SESUAI AMANAH UUD 1945.",rakyat wajib tidak pilih capres petugas partai pilihlah capres petugas rakyat yaitu bapak anies baswedan yang berani tegas dan jujur ingin menegakkan keadilan bagi seluruh rakyat indonesia sesuai amanah uud 
GSNJAR PRESIDENTKU ....THE NEXT KING JOKOWI,gsnjar presidentku the next king jokowi
Sy dukung perabowo,saya dukung perabowo
biasalah media2 pro ganjar.,biasalah media pro ganjar
Hidup Prabowo,hidup prabowo
saya kok gak ditanya... broo<br>..<br>ğŸ˜® kan lumayan nambahi perolehan pak Anies..,saya kok enggak ditanya bro wajah dengan mulut terbuka kan lumayan nambahi perolehan pak anies
Tukang survei tukang pencari cuan..tukang survei udah dapat kartu merah kok gak malu yaaa..,tukang survei tukang pencari cuan tukang survei sudah dapat kartu merah kok enggak malu ya
Kg kebalik surveinya,kg kebalik surveinya
Goubloknya nga ketulungan...hasil survey 1000-2000 itu untuk kecamatan..kalo Nasional mikir aja sendiri ..wong loe yg dibayar,goubloknya enggak ketulungan hasil survey itu untuk kecamatan kalo nasional mikir saja sendiri wong lo yang dibayar
"Tu survey Abal Abal Abal, rakyat sudah tidak mau di bohongi, survey di mata  rakyat akar rumput  yg tertinggi adalah Anies Baswedan,",itu survey abal abal abal rakyat sudah tidak mau di bohongi survey di mata rakyat akar rumput yang tertinggi adalah anies baswedan
Ha... ha... ha...<br>Katanya gk percaya hasil survey ko kepanasan bung santai aja...<br>Nnt pas masa Kampanye Neno Warisman psti doain Anis...<br>Cuma sayang doa Neno Warisman dn Kelompok Monaslimin tidk di ridhoi Allah SWT...,ha ha ha katanya enggak percaya hasil survey kok kepanasan bung santai saja ti pas masa kampanye neno warisman pasti doain anis cuma sayang doa neno warisman dan kelompok monaslimin tidk di ridhoi allah swt
Anis pilihan ku  sy tdk ykin surpai,anis pilihan ku saya tidak ykin surpai
G : GANJAR<br>P : PRESIDEN<br>2024 ğŸ’ªğŸ’ªğŸ‘<br>Udah jadi Isyarat Alam â˜,enggak ganjarp presiden lengan berotot lengan berotot jempol ke atas sudah jadi isyarat alam 
@Co ing Doorr chenel pasti prabowo mencreet lagi untuk yg kesekian kali&#39;nya lagi gitu ğŸ˜‚ğŸ˜†ğŸ˜‚,cowok ing door chenel pasti prabowo mencreet lagi untuk yang kesekian kalinya lagi begitu wajah gembira berurai air mata wajah tersenyum lebar dan memejamkan mata wajah gembira berurai air mata
"Haduh isyarat apa, kalo tidak ada kecurangan, pasti Prabowo",aduh isyarat apa kalo tidak ada kecurangan pasti prabowo
Alam apa bro,alam apa bro
"Ini baru bener, prabowo ku jadi presiden ğŸ† ditahun 2024 ini",ini baru benar prabowo ku jadi presiden piala ditahun ini
Pak Prabowo elektabilitas semakin naik..ğŸ‘ğŸ‘,pak prabowo elektabilitas semakin naik jempol ke atas jempol ke atas
ğŸ‘ğŸ‘ğŸ‘ğŸ‘ğŸ‘,jempol ke atas jempol ke atas jempol ke atas jempol ke atas jempol ke atas
Prabowo,prabowo
Anissâ¤,anis
Kami ANIES YESSğŸ‡®ğŸ‡©ğŸ‡®ğŸ‡©ğŸ‡®ğŸ‡©,kami anies yes bendera indonesia bendera indonesia bendera indonesia
Alhamdulillah bapak anis selalu Istiqomah di urutan 3ğŸ˜‚ğŸ˜‚ğŸ˜‚,alhamdulillah bapak anis selalu istikamah di urutan wajah gembira berurai air mata wajah gembira berurai air mata wajah gembira berurai air mata
Semoga JD no 1 insyaAllah,semoga jadi no insyaallah
YA BAGI GW EN JAKSEL SKUTIK MANIA SIH KALO GA ANIES YA PRABOWO...GAK MUNGKIN PETUGAS PARTAI,ya bagi gue en jaksel skutik mania sih kalo enggak anies ya prabowo enggak mungkin petugas partai
Maenkan LSI ABAL2,maenkan lsi abal abal
Prediksi suara Ganjar 10% Prabowo 20% Anis Bawesdan 70%,prediksi suara ganjar prabowo anis bawesdan 
Mantap pak jadi mentri pertahanan anis...,mantap pak jadi mentri pertaha anis
Gimana jadinya para lembaga surfe yang selalu mensurfe anis selalu diurutan ketiga bila anis akan jadi presiden di 2024.....pasti akan tutup kalau gak bisa malu donggggg,bagaimana jadinya para lembaga surfe yang selalu mensurfe anis selalu diurutan ketiga bila anis akan jadi presiden di pasti akan tutup kalau enggak bisa malu dong
Ha... ha... ha...<br>Emng hasil survey Anis selalu terbelakang mau bilang apa ?,ha ha ha memang hasil survey anis selalu terbelakang mau bilang apa
Prabowo ğŸ’ª â¤ Anies â¤ Ahy â¤<br><br>Simukidi Ngutang Rp8000triliun/tititliun.. lunasin kagak.. trus Korupsi terbesar sampe Cebongkismin ğŸ¸ rebutribut BLT.. kini siBe&#39;ef jg sm tugas klaim siMukidi ğŸ¤® Jijik...,prabowo lengan berotot anies ahy simukidi ngutang rp triliun tititliun lunasin kagak terus korupsi terbesar sampai cebongkismin katak rebutribut blt kini sibeef juga sama tugas klaim simukidi wajah muntah jijik
Son son gagal maning gagal maning masih ngotot pengen jadi presiden ambisi banget BP tua Bangka,son son gagal maning gagal maning masih ngotot pengin jadi presiden ambisi banget bp tua bangka
Sudah biasa pak anis no 3......tak tertarik survai hari ini....lihat hasil ahirnya aja...pak anis tetap di â¤,sudah biasa pak anis no tak tertarik survai hari ini lihat hasil ahirnya saja pak anis tetap di 
Yes the correct,yes the correct
"Th 2014 - 2019 saya pilih pak prabowo , tapi buat th 2024 saya istiqomah pilih pak anies â¤â¤â¤â¤â¤",tahu saya pilih pak prabowo tapi buat tahu saya istikamah pilih pak anies 
"Klo 3 orang Uda 100%brarti ngga ada golput,,itu lah kebodohon supray,ga ada golput",kalo orang sudah berarti enggak ada golput itu lah kebodohon supray enggak ada golput
"Terbaru si anies tinggal 0,0000 %",terbaru sih anies tinggal 
Rakyat tdk percaya dgn survey,rakyat tidak percaya dengan survey
Tetap Anies Baswedan is the best,tetap anies baswedan is the best
Survey abal abal datang lagi,survey abal abal datang lagi
"Tetap istiqomah .. bpk anies pilihanku , walau selalu diurutan terakhir",tetap istikamah bpk anies pilihanku walau selalu diurutan terakhir
Anies Istiqomah setia di urutan ke 3 sampe hari HğŸ˜‚ğŸ˜‚,anies istikamah setia di urutan ke sampai hari h wajah gembira berurai air mata wajah gembira berurai air mata
Wk wk wk kaka,waktu waktu waktu kakak
"Survai tdk mempengaruhi capresnya ,tapi rakyat yg menentukan  ,pemimpin yg punya kredibilitas dan integritas",survai tidak mempengaruhi capresnya tapi rakyat yang menentukan pemimpin yang punya kredibilitas dan integritas
"Survey hy utk ilustrasi aja, rakyat tetap akan mmilih capres dukungannya tdk tpengaruh sama survey.. sama saya akan tetap pilih prabowo, bukan karena survey krn prabowo lbh baik, pengalaman dan byk jasanya bagi negara indonesia dibanding 2 capres lainnya..",survey hai untuk ilustrasi saja rakyat tetap akan mmilih capres dukungannya tidak tpengaruh sama survey sama saya akan tetap pilih prabowo bukan karena survey karena prabowo lebih baik pengalaman dan banyak jasanya bagi negara indonesia dibanding capres lainnya
Gp,gp
"Parpol juga menggunakan survey, mana ada parpol yg main kosong tanpa data ahaha",parpol juga menggunakan survey mana ada parpol yang main kosong tanpa data ahaha
He he,he he
siapaoun yang di kehendaki rakyat indonesia yang suara  terbanyak 50 persen ples 1 itulah presiden infonesia,siapaoun yang di kehendaki rakyat indonesia yang suara terbanyak persen ples itulah presiden infonesia
Rcti pendukung prabowo. Udah jelas miring ke prabowo.,rcti pendukung prabowo sudah jelas miring ke prabowo
msyarakat yg ekonomi ny tiap hari pontang panting tdk butuh  pemilu * mka untuk para pihak keparat mhon untuk tdk merayu nyoblos * gntian brsikap lh netral,msyarakat yang ekonomi nya tiap hari pontang panting tidak butuh pemilu mka untuk para pihak keparat mhon untuk tidak merayu nyoblos gntian brsikap boleh netral
Hoax itusrmua Anis palingunggul,hoax itusrmua anis palingunggul
mungkin yg punya survey orang kafir gk takut dosa,mungkin yang punya survey orang kafir enggak takut dosa
Prabowo yesss2024,prabowo yesss 
Kok lembaga survey abal2 di besar besarkan.... seharusnya di siarkan krn beda dengan fakta di lapangan<br>Coba tanya sama lembaga survei abal2 itu berani polling tidak <br>Lagian dari mana asal dana mereka untuk membuat survey dan pastinya  yg pesan pasti di atas lah,kok lembaga survey abal abal di besar besarkan seharusnya di siarkan karena beda dengan fakta di lapangancoba tanya sama lembaga survei abal abal itu berani polling tidak lagian dari mana asal dana mereka untuk membuat survey dan pastinya yang pesan pasti di atas lah
Pokoknya kita jangan percaya survei. Tapi nani kalau di real nya kalah kita d3mo lagi berjilit2 kek 2019ğŸ˜‚ğŸ˜‚,pokoknya kita jangan percaya survei tapi i kalau di real nya kalah kita d mo lagi berjilit kayak wajah gembira berurai air mata wajah gembira berurai air mata
Anies no 3 menurut survey tapi LBP kok sarankan cawapres ke SP??Â¿?? Apakah tkang survey nya terbalik ???,anies no menurut survey tapi lbp kok sarankan cawapres ke sapa apakah tkang survey nya terbalik
M&#39; Nawayogi cantik &amp; putih bingit...,sama nawayogi cantik putih banget
biar aja la surpe pak prabowo di atas biar pak prabowo merasa di atas angin tapi pak ta dilapangan yg menentukan,biar saja lah surpe pak prabowo di atas biar pak prabowo merasa di atas angin tapi pak ta dilapangan yang menentukan
Mantap pak parbowo saya selalu medukung mu,mantap pak parbowo saya selalu medukung mu
InsyaAllah... Anies Presiden 2024-2029,insyaallah anies presiden 
Yok kita bergerak bersatu menangkan Anies for presiden,yuk kita bergerak bersatu megkan anies for presiden
wakakakakakak RAKYAT TIDAK PERCAYA DENGAN HASIL SURVEI ABAL-ABAL.... HARI GINI PERCAYA DENGAN HASIL SURVEI BERBAYAR GILA LOE,wakakakakakak rakyat tidak percaya dengan hasil survei abal abal hari begini percaya dengan hasil survei berbayar gila lo
Dia kira rakyat terpengaruh dengar lembaga survey abal abal bang ğŸ˜‚ğŸ˜‚ğŸ˜‚ğŸ˜‚ğŸ˜‚ğŸ˜‚,dia kira rakyat terpengaruh dengar lembaga survey abal abal bang wajah gembira berurai air mata wajah gembira berurai air mata wajah gembira berurai air mata wajah gembira berurai air mata wajah gembira berurai air mata wajah gembira berurai air mata
"Yang Cerdas, Pasti dukung Pak Ganjar RI 1<br>Merdeka !!",yang cerdas pasti dukung pak ganjar ri merdeka
Prabowo ok â¤,prabowo ok 
Ganjar mimpin jateng saja ga beres kok mau jadi presiden.<br>Trus apanya yg dibanggakan??ğŸ¤£ğŸ¤£ğŸ¤£ğŸ¤­ğŸ¤­,ganjar mimpin jateng saja enggak beres kok mau jadi presiden terus apanya yang dibanggakan tertawa terbahak bahak tertawa terbahak bahak tertawa terbahak bahak wajah dengan tangan menutup mulut wajah dengan tangan menutup mulut
ğŸ˜‚ğŸ˜‚ğŸ˜‚ prestasi Ganjar apa..,wajah gembira berurai air mata wajah gembira berurai air mata wajah gembira berurai air mata prestasi ganjar apa
Yang hoby mbokep kali coyğŸ˜ğŸ‘ˆ,yang hoby mbokep kali coy wajah gembira dengan mata bahagia menunjuk ke arah kiri
BETUL.,betul
SURVEI LSI SURFEY MENYESAT KAN  SURVEI ABAL2 BAYARAN REZIM  NGOMONG NYA HARUS SAMA SANDAL JEPIT,survei lsi surfey menyesat kan survei abal abal bayaran rezim mengomong nya harus sama sandal jepit
Makanya bro bayar tukang survey biar Anis jadi urutan no 1 <br>Jgn tiap hari kepanasan terus lihat hasil survey,makanya bro bayar tukang survey biar anis jadi urutan no jangan tiap hari kepanasan terus lihat hasil survey
"Hasil survei tidak membaca. Ektp, wadas dan pornografi, kinerja 2 priode gubernur",hasil survei tidak membaca ektp wadas dan pornografi kinerja priode gubernur
ğŸ˜‚ğŸ˜‚ğŸ˜‚ğŸ˜‚ğŸ˜‚ğŸ˜‚ğŸ˜‚,wajah gembira berurai air mata wajah gembira berurai air mata wajah gembira berurai air mata wajah gembira berurai air mata wajah gembira berurai air mata wajah gembira berurai air mata wajah gembira berurai air mata
Kalo sy disurve sy pilih prabowo,kalo saya disurve saya pilih prabowo
surve gk msuk akalğŸ˜‚ğŸ˜‚,surve enggak masuk akal wajah gembira berurai air mata wajah gembira berurai air mata
"luar biasa bapak kita prabowo sukses menjadi capres, maju terus pak pantang mundur.",luar biasa bapak kita prabowo sukses menjadi capres maju terus pak pantang mundur
wis wayaeh pk prabowo dadi presiden.â¤â¤,wis wayaeh pakai prabowo dadi presiden 
Alloh huakbar,allah huakbar
Prabowo sllu di â¤ï¸,prabowo selalu di hati merah
Survei tdk mempengaruhi rakyat.  Rakyat sdh jatuh cinta dengan anis,survei tidak mempengaruhi rakyat rakyat sudah jatuh cinta dengan anis
Yes I no believe to survey,yes i no believe tapi survey
Insyaallah 2024 Saatnya Prabowo Presiden,insyaallah saatnya prabowo presiden
"Mantap solo timur hadir,aku dan kawan2 dukung dan pilih pak prabowo jadi presiden RI amin.",mantap solo timur hadir aku dan kawan dukung dan pilih pak prabowo jadi presiden ri amin
"Prabowo, mas gibran dukung bola di indonesiaã€‹presiden 2024",prabowo mas gibran dukung bola di indonesiapresiden 
"â€‹@Dede Kusbandiganjar memang gak ada prestasi, tapi anies lebih nol besar...<br><br>karna calonny cuma 3,<br>saya mantan cebong coblos prabowo ğŸ‘", adek kusbandiganjar memang enggak ada prestasi tapi anies lebih nol besar karena calonny cuma saya mantan cebong coblos prabowo jempol ke atas
mantap jambi siap dukung orang iklas untuk negara bukan petugas partai tapi petugas rakyat Prabowo â¤â¤â¤â¤â¤,mantap jambi siap dukung orang iklas untuk negara bukan petugas partai tapi petugas rakyat prabowo 
"Untuk pilih Ganjar alasannya sederhana dan mengena di hati, yaitu, setelah sekian tahun tidak bisa mudik, kemarin lebaran bisa mudik gratis atas prakarsa Pak Ganjar. Itulah haru hati kami sehingga tidak bisa melupakan Bp Ganjar.",untuk pilih ganjar alasannya sederhana dan mengena di hati yaitu setelah sekian tahun tidak bisa mudik kemarin lebaran bisa mudik gratis atas prakarsa pak ganjar itulah harus hati kami sehingga tidak bisa melupakan bp ganjar
"Amin insya Allah, siap menangkan pak Prabowo",amin insya allah siap megkan pak prabowo
Selalu Ganjar siapa yang percaya. Sama zurve..,selalu ganjar siapa yang percaya sama zurve
"Prabowo tebaik,lihatlah kinerjanya yah.<br>Klo ganjar.....??",prabowo tebaik lihatlah kinerjanya ya kalo ganjar
Skr Giliran Pa Prabowo,sekarang giliran apa prabowo
RAJA KALAH BERANI BAYAR TUKANG SURVEI YA PASTI NOMER 1,raja kalah berani bayar tukang survei ya pasti nomer 
"Prabowo patriot sejati,pantang menyerah.â¤â¤ Next presiden",prabowo patriot sejati pantang menyerah next presiden
"Next Prabowo ğŸš€ğŸš€ğŸš€ğŸš€ğŸš€, GP selamat tinggal",next prabowo roket roket roket roket roket gp selamat tinggal
Prabowo mantap,prabowo mantap
Media ga usah menggiring opini lewat hasil survei yang gampang disisipin kesalahanğŸ‘,media enggak usah menggiring opini lewat hasil survei yang gampang disisipin kesalahan jempol ke bawah
Betul. Tp klo untuk anis Baswedan memang susah untuk menang.,betul tapi kalo untuk anis baswedan memang susah untuk meg
Perhatikan yahh...itu survei LSI...bukan survei ecek ecek...maju pak PRABOWO..kami siap mendukung mu..,perhatikan ya itu survei lsi bukan survei ecek ecek maju pak prabowo kami siap mendukung mu
Pak Prabowo ok...<br>Pak Anis ok...<br>Pak Prabowo jooss,pak prabowo ok pak anis ok pak prabowo joos
Gak percaya soalnya Anis no 3 melulu sih.,enggak percaya soalnya anis no melulu sih
â€‹@adihari ramijan GK jg semua masih bisa berubah tergantung eskalasi politik ke depan, adihari ramijan enggak juga semua masih bisa berubah tergantung eskalasi politik ke depan
Survey Blum tentu mewakili hak suara rakyat,survey belum tentu mewakili hak suara rakyat
Polling 217 rb responden....<br>Survey 1200 ....<br>Hayo.....gimana menurut akal sehat...,polling ribu responden survey hayo bagaimana menurut akal sehat
"Prabowo, Legowo....kami dukung...",prabowo legowo kami dukung
Bravo ganjar,bravo ganjar
ğŸ˜‚ğŸ˜‚ğŸ˜‚,wajah gembira berurai air mata wajah gembira berurai air mata wajah gembira berurai air mata
GANJAR PRANOWO.<br>IS THE BEST â¤,ganjar pranowo is the best 
Up to u <br>You mo bilang ap.<br>Yg jls GANJAR PRANOWO<br>Yg terbaik smp saat ini.<br>Bodo amat you mo blg ap<br>Smkin kalian Nyinyir.Ganjar pasti menang di Pilpres.ğŸ‘,up tapi lu you mau bilang apa yang jls ganjar pranowoyang terbaik sampai saat ini bodo amat you mau bilang apasemakin kalian nyinyir ganjar pasti meg di pilpres jempol ke atas
Jadi gubernur prestasinya apa ko laporan statistik umr terendah seindonesia dikenal propinsi miskin,jadi gubernur prestasinya apa kok laporan statistik umr terendah seindonesia dikenal propinsi miskin
Jawa Tengah aja di tidak mampu urus 2 periode  masak mengurus Indonesia yg luas ini <br>Apa sich prestasi ganjar di Jawa Tengah <br>Ganjar itu ketua partai pasti tunduk dan patuh pada ketua partai nya lah bang,jawa tengah saja di tidak mampu urus periode masak mengurus indonesia yang luas ini apa sih prestasi ganjar di jawa tengah ganjar itu ketua partai pasti tunduk dan patuh pada ketua partai nya lah bang
"@Kartu byU <br>Jadi Gubernur Jateng 2x<br>Anggota DPR,pertanian di Jateng succes<br>dll.<br>Rekam jejak jls.",kartu byu jadi gubernur jateng xanggota dpr pertanian di jateng succesdulu rekam jejak jls
Ganjar prestasine apa kang,ganjar prestasine apa kang
Aku tida percaya surpei. Kami sekeluarga pilih anes,aku tida percaya surpei kami sekeluarga pilih anes
Yo ora popo..bebas,ya ora popo bebas
Survei tergantung siapa yang bayar.surveyor itu jenis pekerjaan mata pencaharian om.ğŸ˜…ğŸ˜…ğŸ˜…,survei tergantung siapa yang bayar surveyor itu jenis pekerjaan mata pencaharian om wajah tersenyum lebar dan berkeringat wajah tersenyum lebar dan berkeringat wajah tersenyum lebar dan berkeringat
Terserah itu hak anda,terserah itu hak anda
"ğŸ˜‚ğŸ˜‚ğŸ˜‚SDH tahun 2023 kok nggak percaya survey, padahal survey sudah ada sejak pilpres 2004 dan selalu akurat ğŸ˜‚ğŸ˜‚",wajah gembira berurai air mata wajah gembira berurai air mata wajah gembira berurai air mata sudah tahun kok enggak percaya survey padahal survey sudah ada sejak pilpres dan selalu akurat wajah gembira berurai air mata wajah gembira berurai air mata
prabowo iklas buat rakyat,prabowo iklas buat rakyat
TULLLâ¤â¤,tul
Prabowo kami siap dukungmu.,prabowo kami siap dukungmu
*SAYAA. JUGA. IKUUTTTT@*ğŸ˜…ğŸ˜…ğŸ˜…,saya juga ikuut wajah tersenyum lebar dan berkeringat wajah tersenyum lebar dan berkeringat wajah tersenyum lebar dan berkeringat
Pilpres akan dua putaran: yg di untung kan Prabowo subianto.,pilpres akan dua putaran yang di untung kan prabowo subianto
"Sangat masuk akal, kl masuk putaran ke 2 Ganjar Prabowo suara Anies ke Prabowo, kl yg masuk Anies Ganjar sebagian besar suara Prabowo ke Anis selebihnya ke Ganjar, jd peluang yg paling tipis menang ganjar",sangat masuk akal kalo masuk putaran ke ganjar prabowo suara anies ke prabowo kalo yang masuk anies ganjar sebagian besar suara prabowo ke anis selebihnya ke ganjar jadi peluang yang paling tipis meg ganjar
Kanan kiri oke,ka kiri oke
Partai wong licik sudah nggak laku 2024,partai wong licik sudah enggak laku 
Mantab pak Prabowo capres yg akan terpilih jadi presiden semangat pak Prabowo kami dari Jateng akan pilih bapak keran bapak petugas rakyat Indonesia maju terus pak.,mantab pak prabowo capres yang akan terpilih jadi presiden semangat pak prabowo kami dari jateng akan pilih bapak keran bapak petugas rakyat indonesia maju terus pak
@mantan kadrun212 ..lu jg apa prestasi mu..ikut nnton biru yahh....mau jdi apa negara ni klw pelawak dan penyuka pilm biru yg pimpin..mau jdi Ukraina yahh...bangun jngn coli MuluğŸ¤£,mantan kadrun lu juga apa prestasi mu ikut menonton biru ya mau jadi apa negara nih kalau pelawak dan penyuka film biru yang pimpin mau jadi ukraina ya bangun jangan coli mulu tertawa terbahak bahak
@Usman Usman lalu prestasimu apa.... ğŸ˜‚ğŸ˜‚ğŸ˜‚ paling ngentip orang mandi.. ğŸ˜‚ğŸ˜‚ğŸ˜‚,usman usman lalu prestasimu apa wajah gembira berurai air mata wajah gembira berurai air mata wajah gembira berurai air mata paling ngentip orang mandi wajah gembira berurai air mata wajah gembira berurai air mata wajah gembira berurai air mata
Mantaap,mantap
@iwan budiman ...wkwkwkk...gini nih kalau penyuka pilm biru dan pelawak..otaknya sengklekğŸ¤£ğŸ¤£,iwan budiman wkwkwk begini nih kalau penyuka film biru dan pelawak otaknya sengklek tertawa terbahak bahak tertawa terbahak bahak
@Sendi Febriandi ...wkwkkkw..apa prestasinya Prabowo ... ğŸ¤£Bangun bro udah siang..jngn TDR truss,sendi febriandi wkwkkkw apa prestasinya prabowo tertawa terbahak bahak bangun bro sudah siang jangan tidur terus
Prabowo â¤âœŒï¸,prabowo isyarat kemegan
"Sy tentux memilih pemimpin yg cerdas, amanh jujur yg bs membwa indonesia yg lebih baik",saya tentux memilih pemimpin yang cerdas amanh jujur yang bisa membwa indonesia yang lebih baik
Rakyat sudah cerdas gak mungkin pilih petugas partai PDIP karena gak mungkin mau di bohongi trus terusan,rakyat sudah cerdas enggak mungkin pilih petugas partai pdip karena enggak mungkin mau di bohongi terus terusan
Betul bro. Jadikan pengalaman menjadi pembelajaran.. Jangan mau dibodohi 2 kali,betul bro jadikan pengalaman menjadi pembelajaran jangan mau dibodohi kali
"Yang merasa sangat nyaman dengan pimpinan PDIp silahkan pilih petugasnya lagi,namun yang ingin perubahan lebih baik lagi silahkan pilih pak ANIS atau pak prabowo",yang merasa sangat nyaman dengan pimpi pdip silakan pilih petugasnya lagi namun yang ingin perubahan lebih baik lagi silakan pilih pak anis atau pak prabowo
Anis Baswedan aja,anis baswedan saja
Prabowo kawanâ¤,prabowo kawan
"Mantap, kulo dere anis mawon",mantap kulo dere anis mawon
